File Name,rxn00011.csv
Date,2022-05-13 10:06:32

[DATA]
time (s),oxy1_voltage (V),oxy1_O2 (%),oxy1_temp_voltage (V),oxy1_temp (C),oxy2_voltage (V),oxy2_O2 (%),oxy2_temp_voltage (V),oxy2_temp (C),bme_temp (C),pressure (kPa),humidity (%),flow1_voltage (V),flow1_flow (mL/min),flow2_voltage (V),flow2_flow (mL/min),PV (C),SV (C),Control Method,Output,PID profile,PID SV,P,I,D
1652436402,0.052641,21.63,1.050250,22.29,0.050047,20.53,1.019750,23.25,21.36,100.01,56.42,1.582031,31.91,1.450195,149.61,0.00,0.00,0,0,0,0.00,0,0,0
1652436412,0.052641,21.63,1.050125,22.29,0.050031,20.53,1.019250,23.26,21.40,100.02,63.82,2.617187,52.72,2.407227,242.14,0.00,0.00,0,0,0,0.00,0,0,0
1652436422,0.052594,21.61,1.050125,22.29,0.050016,20.52,1.019625,23.25,21.44,100.02,68.41,1.547852,31.23,1.440430,148.67,0.00,0.00,0,0,0,0.00,0,0,0
1652436432,0.052531,21.58,1.049750,22.31,0.049953,20.49,1.019500,23.25,21.48,100.02,72.30,2.583008,52.04,2.392578,240.72,0.00,0.00,0,0,0,0.00,0,0,0
1652436442,0.052453,21.55,1.050000,22.30,0.049891,20.47,1.019625,23.25,21.52,100.02,75.34,1.591797,32.11,1.479492,152.45,0.00,0.00,0,0,0,0.00,0,0,0
1652436452,0.052422,21.54,1.050250,22.29,0.049859,20.45,1.020000,23.24,21.56,100.03,77.91,2.568359,51.74,2.363281,237.89,0.00,0.00,0,0,0,0.00,0,0,0
1652436462,0.052359,21.51,1.050250,22.29,0.049797,20.43,1.020250,23.23,21.58,100.02,79.79,1.596680,32.21,1.489258,153.39,0.00,0.00,0,0,0,0.00,0,0,0
1652436472,0.052328,21.50,1.050250,22.29,0.049766,20.41,1.020500,23.22,21.60,100.03,81.38,2.592773,52.23,2.397461,241.19,0.00,0.00,0,0,0,0.00,0,0,0
1652436482,0.052281,21.48,1.050250,22.29,0.049719,20.39,1.020625,23.22,21.62,100.03,82.61,1.562500,31.52,1.455078,150.09,0.00,0.00,0,0,0,0.00,0,0,0
1652436492,0.052266,21.47,1.050125,22.29,0.049703,20.39,1.020625,23.22,21.64,100.03,83.68,2.617187,52.72,2.426758,244.03,0.00,0.00,0,0,0,0.00,0,0,0
1652436502,0.052219,21.45,1.050125,22.29,0.049672,20.37,1.021125,23.20,21.65,100.03,84.49,1.552734,31.32,1.445312,149.14,0.00,0.00,0,0,0,0.00,0,0,0
1652436512,0.052219,21.45,1.049625,22.31,0.049641,20.36,1.021000,23.21,21.66,100.02,85.14,2.622070,52.82,2.416992,243.08,0.00,0.00,0,0,0,0.00,0,0,0
1652436522,0.052188,21.44,1.049750,22.31,0.049578,20.33,1.021375,23.20,21.67,100.01,85.81,1.796875,36.23,1.640625,168.02,0.00,0.00,0,0,0,0.00,0,0,0
1652436532,0.052172,21.43,1.049875,22.30,0.049563,20.33,1.021250,23.20,21.67,100.01,86.32,2.500000,50.37,2.333984,235.06,0.00,0.00,0,0,0,0.00,0,0,0
1652436542,0.052125,21.41,1.050000,22.30,0.049547,20.32,1.021250,23.20,21.68,100.02,86.77,1.655273,33.39,1.518555,156.22,0.00,0.00,0,0,0,0.00,0,0,0
1652436552,0.052125,21.41,1.050250,22.29,0.049547,20.32,1.021250,23.20,21.68,100.02,87.21,2.622070,52.82,2.431641,244.50,0.00,0.00,0,0,0,0.00,0,0,0
1652436562,0.052094,21.40,1.049875,22.30,0.049500,20.30,1.021250,23.20,21.68,100.02,87.46,1.567383,31.62,1.450195,149.61,0.00,0.00,0,0,0,0.00,0,0,0
1652436572,0.052078,21.39,1.050250,22.29,0.049531,20.31,1.021375,23.20,21.69,100.03,87.86,1.923828,38.78,1.816406,185.02,0.00,0.00,0,0,0,0.00,0,0,0
1652436582,0.052078,21.39,1.050000,22.30,0.049484,20.29,1.021250,23.20,21.69,100.03,88.16,2.602539,52.43,2.416992,243.08,0.00,0.00,0,0,0,0.00,0,0,0
1652436592,0.052047,21.38,1.049875,22.30,0.049484,20.29,1.021125,23.20,21.69,100.03,88.41,2.241211,45.17,2.031250,205.79,0.00,0.00,0,0,0,0.00,0,0,0
1652436602,0.052047,21.38,1.050125,22.29,0.049469,20.29,1.021250,23.20,21.69,100.03,88.80,1.572266,31.72,1.464844,151.03,0.00,0.00,0,0,0,0.00,0,0,0
1652436612,0.052031,21.37,1.050250,22.29,0.049469,20.29,1.021250,23.20,21.69,100.03,88.90,2.612305,52.63,2.426758,244.03,0.00,0.00,0,0,0,0.00,0,0,0
1652436622,0.052016,21.36,1.050000,22.30,0.049453,20.28,1.021375,23.20,21.69,100.02,89.05,1.728516,34.86,1.586914,162.83,0.00,0.00,0,0,0,0.00,0,0,0
1652436632,0.052031,21.37,1.050125,22.29,0.049453,20.28,1.021625,23.19,21.69,100.02,89.31,2.368164,47.72,2.221680,224.20,0.00,0.00,0,0,0,0.00,0,0,0
1652436642,0.052016,21.37,1.050000,22.30,0.049437,20.28,1.021750,23.18,21.68,100.01,89.51,2.543945,51.25,2.353516,236.95,0.00,0.00,0,0,0,0.00,0,0,0
1652436652,0.052016,21.37,1.050000,22.30,0.049437,20.27,1.022000,23.18,21.68,100.02,89.68,1.630859,32.89,1.518555,156.22,0.00,0.00,0,0,0,0.00,0,0,0
1652436662,0.052000,21.36,1.050000,22.30,0.049422,20.27,1.022250,23.17,21.67,100.02,89.90,2.578125,51.94,2.387695,240.25,0.00,0.00,0,0,0,0.00,0,0,0
1652436672,0.051984,21.35,1.049875,22.30,0.049406,20.26,1.022250,23.17,21.67,100.02,90.02,1.577148,31.82,1.459961,150.56,0.00,0.00,0,0,0,0.00,0,0,0
1652436682,0.051984,21.35,1.050125,22.29,0.049422,20.27,1.022500,23.16,21.67,100.03,90.12,2.216797,44.67,2.080078,210.51,0.00,0.00,0,0,0,0.00,0,0,0
1652436692,0.051984,21.35,1.050000,22.30,0.049391,20.25,1.022500,23.16,21.67,100.02,90.27,2.236328,45.07,2.011719,203.90,0.00,0.00,0,0,0,0.00,0,0,0
1652436702,0.051984,21.35,1.049875,22.30,0.049391,20.25,1.022500,23.16,21.66,100.02,90.43,2.241211,45.17,2.099609,212.40,0.00,0.00,0,0,0,0.00,0,0,0
1652436712,0.051984,21.35,1.049625,22.31,0.049391,20.25,1.022375,23.16,21.66,100.02,90.58,1.806641,36.43,1.655273,169.44,0.00,0.00,0,0,0,0.00,0,0,0
1652436722,0.051969,21.34,1.049625,22.31,0.049391,20.25,1.022500,23.16,21.65,100.02,90.72,1.655273,33.39,1.528320,157.17,0.00,0.00,0,0,0,0.00,0,0,0
1652436732,0.051969,21.34,1.049625,22.31,0.049359,20.24,1.022500,23.16,21.65,100.02,90.79,2.602539,52.43,2.416992,243.08,0.00,0.00,0,0,0,0.00,0,0,0
1652436742,0.051969,21.34,1.049750,22.31,0.049375,20.25,1.022875,23.15,21.65,100.02,90.94,1.572266,31.72,1.450195,149.61,0.00,0.00,0,0,0,0.00,0,0,0
1652436752,0.051969,21.34,1.049750,22.31,0.049359,20.24,1.022625,23.16,21.64,100.02,91.13,2.626953,52.92,2.431641,244.50,0.00,0.00,0,0,0,0.00,0,0,0
1652436762,0.051953,21.34,1.049625,22.31,0.049359,20.24,1.022500,23.16,21.64,100.03,91.18,1.562500,31.52,1.445312,149.14,0.00,0.00,0,0,0,0.00,0,0,0
1652436772,0.051938,21.33,1.049750,22.31,0.049359,20.24,1.022500,23.16,21.64,100.02,91.35,2.631836,53.02,2.431641,244.50,0.00,0.00,0,0,0,0.00,0,0,0
1652436782,0.051953,21.34,1.049750,22.31,0.049328,20.23,1.022375,23.16,21.64,100.03,91.36,1.640625,33.09,1.508789,155.28,0.00,0.00,0,0,0,0.00,0,0,0
1652436792,0.051953,21.34,1.049500,22.31,0.049328,20.23,1.022375,23.16,21.63,100.03,91.51,2.363281,47.62,2.221680,224.20,0.00,0.00,0,0,0,0.00,0,0,0
1652436802,0.051953,21.34,1.049500,22.31,0.049344,20.23,1.022500,23.16,21.63,100.02,91.56,1.914062,38.59,1.743164,177.94,0.00,0.00,0,0,0,0.00,0,0,0
1652436812,0.051953,21.34,1.049375,22.32,0.049328,20.23,1.022375,23.16,21.62,100.02,91.65,2.216797,44.67,2.089844,211.45,0.00,0.00,0,0,0,0.00,0,0,0
1652436822,0.051953,21.34,1.049625,22.31,0.049344,20.23,1.022500,23.16,21.62,100.02,91.79,2.236328,45.07,2.031250,205.79,0.00,0.00,0,0,0,0.00,0,0,0
1652436832,0.051938,21.33,1.049750,22.31,0.049313,20.22,1.022625,23.16,21.62,100.02,91.86,2.124023,42.81,1.997070,202.48,0.00,0.00,0,0,0,0.00,0,0,0
1652436842,0.051922,21.32,1.049500,22.31,0.049297,20.21,1.022500,23.16,21.61,100.02,91.90,2.001953,40.36,1.840820,187.38,0.00,0.00,0,0,0,0.00,0,0,0
1652436852,0.051938,21.33,1.049500,22.31,0.049328,20.23,1.022375,23.16,21.61,100.02,92.07,1.879883,37.90,1.782227,181.71,0.00,0.00,0,0,0,0.00,0,0,0
1652436862,0.051938,21.33,1.049375,22.32,0.049281,20.21,1.022250,23.17,21.60,100.02,92.05,2.612305,52.63,2.426758,244.03,0.00,0.00,0,0,0,0.00,0,0,0
1652436872,0.051922,21.32,1.049625,22.31,0.049297,20.21,1.022500,23.16,21.60,100.03,92.25,2.573242,51.84,2.387695,240.25,0.00,0.00,0,0,0,0.00,0,0,0
1652436882,0.051938,21.33,1.049625,22.31,0.049297,20.21,1.022625,23.16,21.60,100.03,92.35,1.645508,33.19,1.513672,155.75,0.00,0.00,0,0,0,0.00,0,0,0
1652436892,0.051906,21.32,1.049375,22.32,0.049297,20.21,1.022375,23.16,21.60,100.03,92.41,2.011719,40.55,1.904297,193.52,0.00,0.00,0,0,0,0.00,0,0,0
1652436902,0.051938,21.33,1.049375,22.32,0.049297,20.21,1.022375,23.16,21.59,100.02,92.53,2.509766,50.56,2.324219,234.11,0.00,0.00,0,0,0,0.00,0,0,0
1652436912,0.051922,21.32,1.049375,22.32,0.049281,20.21,1.022750,23.15,21.59,100.02,92.59,1.601562,32.31,1.489258,153.39,0.00,0.00,0,0,0,0.00,0,0,0
1652436922,0.051922,21.33,1.049500,22.31,0.049281,20.21,1.022500,23.16,21.58,100.02,92.70,2.617187,52.72,2.436523,244.97,0.00,0.00,0,0,0,0.00,0,0,0
1652436932,0.051922,21.32,1.049375,22.32,0.049281,20.21,1.022375,23.16,21.58,100.02,92.72,1.669922,33.68,1.538086,158.11,0.00,0.00,0,0,0,0.00,0,0,0
1652436942,0.051922,21.32,1.049375,22.32,0.049297,20.21,1.022375,23.16,21.58,100.02,92.91,1.621094,32.70,1.508789,155.28,0.00,0.00,0,0,0,0.00,0,0,0
1652436952,0.051938,21.33,1.049500,22.31,0.049281,20.21,1.022250,23.17,21.58,100.02,92.92,2.602539,52.43,2.392578,240.72,0.00,0.00,0,0,0,0.00,0,0,0
1652436962,0.051906,21.32,1.049625,22.31,0.049281,20.21,1.022250,23.17,21.57,100.02,92.98,1.547852,31.23,1.440430,148.67,0.00,0.00,0,0,0,0.00,0,0,0
1652436972,0.051922,21.32,1.049750,22.31,0.049266,20.20,1.022500,23.16,21.57,100.02,93.09,2.177734,43.89,2.050781,207.68,0.00,0.00,0,0,0,0.00,0,0,0
1652436982,0.051922,21.32,1.049875,22.30,0.049281,20.21,1.022500,23.16,21.56,100.03,93.12,2.504883,50.47,2.304687,232.22,0.00,0.00,0,0,0,0.00,0,0,0
1652436992,0.051922,21.32,1.049625,22.31,0.049266,20.20,1.022125,23.17,21.56,100.02,93.10,1.635742,32.99,1.523437,156.69,0.00,0.00,0,0,0,0.00,0,0,0
1652437002,0.051922,21.32,1.050000,22.30,0.049281,20.21,1.022375,23.16,21.56,100.02,93.25,2.553711,51.45,2.358398,237.42,0.00,0.00,0,0,0,0.00,0,0,0
1652437012,0.051906,21.32,1.050250,22.29,0.049250,20.19,1.022500,23.16,21.56,100.02,93.46,1.577148,31.82,1.459961,150.56,0.00,0.00,0,0,0,0.00,0,0,0
1652437022,0.051922,21.33,1.050000,22.30,0.049281,20.21,1.022250,23.17,21.55,100.02,93.39,2.612305,52.63,2.426758,244.03,0.00,0.00,0,0,0,0.00,0,0,0
1652437032,0.051891,21.31,1.050250,22.29,0.049266,20.20,1.022500,23.16,21.56,100.02,93.58,2.304687,46.44,2.089844,211.45,0.00,0.00,0,0,0,0.00,0,0,0
1652437042,0.051906,21.32,1.050000,22.30,0.049281,20.21,1.022125,23.17,21.55,100.02,93.54,1.572266,31.72,1.450195,149.61,0.00,0.00,0,0,0,0.00,0,0,0
1652437052,0.051906,21.32,1.050000,22.30,0.049250,20.19,1.022000,23.18,21.54,100.02,93.67,1.918945,38.69,1.831055,186.43,0.00,0.00,0,0,0,0.00,0,0,0
1652437062,0.051891,21.31,1.049750,22.31,0.049250,20.19,1.022000,23.18,21.55,100.02,93.66,2.534180,51.05,2.343750,236.00,0.00,0.00,0,0,0,0.00,0,0,0
1652437072,0.051891,21.31,1.049875,22.30,0.049250,20.19,1.021875,23.18,21.55,100.03,93.74,1.562500,31.52,1.450195,149.61,0.00,0.00,0,0,0,0.00,0,0,0
1652437082,0.051891,21.31,1.049875,22.30,0.049234,20.19,1.021875,23.18,21.54,100.03,93.84,2.617187,52.72,2.421875,243.55,0.00,0.00,0,0,0,0.00,0,0,0
1652437092,0.051891,21.31,1.049875,22.30,0.049250,20.19,1.022125,23.17,21.54,100.03,93.84,2.514648,50.66,2.333984,235.06,0.00,0.00,0,0,0,0.00,0,0,0
1652437102,0.051891,21.31,1.049750,22.31,0.049250,20.19,1.022125,23.17,21.54,100.02,94.01,2.026367,40.85,1.865234,189.74,0.00,0.00,0,0,0,0.00,0,0,0
1652437112,0.051875,21.30,1.049875,22.30,0.049266,20.20,1.022125,23.17,21.54,100.02,93.94,1.547852,31.23,1.440430,148.67,0.00,0.00,0,0,0,0.00,0,0,0
1652437122,0.051875,21.30,1.049750,22.31,0.049219,20.18,1.022125,23.17,21.54,100.02,93.97,1.650391,33.29,1.538086,158.11,0.00,0.00,0,0,0,0.00,0,0,0
1652437132,0.051891,21.31,1.049500,22.31,0.049234,20.19,1.022000,23.18,21.54,100.03,94.06,2.612305,52.63,2.426758,244.03,0.00,0.00,0,0,0,0.00,0,0,0
1652437142,0.051875,21.30,1.049375,22.32,0.049250,20.19,1.022000,23.18,21.53,100.02,94.09,1.899414,38.29,1.733398,176.99,0.00,0.00,0,0,0,0.00,0,0,0
1652437152,0.051859,21.30,1.049625,22.31,0.049234,20.19,1.022000,23.18,21.53,100.03,94.21,1.625977,32.80,1.494141,153.86,0.00,0.00,0,0,0,0.00,0,0,0
1652437162,0.051859,21.30,1.049250,22.32,0.049234,20.19,1.021875,23.18,21.53,100.03,94.32,2.622070,52.82,2.431641,244.50,0.00,0.00,0,0,0,0.00,0,0,0
1652437172,0.051875,21.30,1.049375,22.32,0.049250,20.19,1.022125,23.17,21.53,100.03,94.31,2.553711,51.45,2.348633,236.47,0.00,0.00,0,0,0,0.00,0,0,0
1652437182,0.051859,21.30,1.049375,22.32,0.049234,20.19,1.022375,23.16,21.53,100.03,94.37,1.586914,32.01,1.459961,150.56,0.00,0.00,0,0,0,0.00,0,0,0
1652437192,0.051875,21.30,1.049375,22.32,0.049234,20.19,1.022125,23.17,21.53,100.03,94.40,1.650391,33.29,1.518555,156.22,0.00,0.00,0,0,0,0.00,0,0,0
1652437202,0.051859,21.30,1.049125,22.32,0.049219,20.18,1.022000,23.18,21.53,100.02,94.46,2.622070,52.82,2.426758,244.03,0.00,0.00,0,0,0,0.00,0,0,0
1652437212,0.051859,21.30,1.049375,22.32,0.049188,20.17,1.022375,23.16,21.53,100.02,94.42,1.557617,31.42,1.425781,147.25,0.00,0.00,0,0,0,0.00,0,0,0
1652437222,0.051859,21.30,1.049250,22.32,0.049219,20.18,1.022375,23.16,21.53,100.02,94.56,2.368164,47.72,2.216797,223.73,0.00,0.00,0,0,0,0.00,0,0,0
1652437232,0.051859,21.30,1.049125,22.32,0.049219,20.18,1.022250,23.17,21.52,100.02,94.64,2.363281,47.62,2.153320,217.59,0.00,0.00,0,0,0,0.00,0,0,0
1652437242,0.051844,21.29,1.049125,22.32,0.049219,20.18,1.022375,23.16,21.52,100.02,94.67,1.528320,30.83,1.425781,147.25,0.00,0.00,0,0,0,0.00,0,0,0
1652437252,0.051844,21.29,1.049000,22.33,0.049219,20.18,1.022375,23.16,21.52,100.02,94.69,1.640625,33.09,1.528320,157.17,0.00,0.00,0,0,0,0.00,0,0,0
1652437262,0.051844,21.29,1.049125,22.32,0.049219,20.18,1.022125,23.17,21.53,100.03,94.76,2.539062,51.15,2.363281,237.89,0.00,0.00,0,0,0,0.00,0,0,0
1652437272,0.051844,21.29,1.049125,22.32,0.049219,20.18,1.022250,23.17,21.53,100.03,94.80,2.548828,51.35,2.353516,236.95,0.00,0.00,0,0,0,0.00,0,0,0
1652437282,0.051859,21.30,1.049250,22.32,0.049203,20.17,1.022375,23.16,21.52,100.03,94.74,1.577148,31.82,1.459961,150.56,0.00,0.00,0,0,0,0.00,0,0,0
1652437292,0.051844,21.29,1.048875,22.33,0.049203,20.17,1.022125,23.17,21.52,100.02,94.92,2.612305,52.63,2.421875,243.55,0.00,0.00,0,0,0,0.00,0,0,0
1652437302,0.051828,21.28,1.049000,22.33,0.049188,20.17,1.022250,23.17,21.53,100.02,94.99,1.689453,34.07,1.552734,159.53,0.00,0.00,0,0,0,0.00,0,0,0
1652437312,0.051813,21.28,1.049125,22.32,0.049188,20.17,1.022000,23.18,21.53,100.01,94.97,1.850586,37.31,1.752930,178.88,0.00,0.00,0,0,0,0.00,0,0,0
1652437322,0.051844,21.29,1.049125,22.32,0.049203,20.17,1.022125,23.17,21.53,100.02,95.03,2.597656,52.33,2.412109,242.61,0.00,0.00,0,0,0,0.00,0,0,0
1652437332,0.051828,21.28,1.049000,22.33,0.049172,20.16,1.021750,23.18,21.53,100.02,95.07,2.548828,51.35,2.353516,236.95,0.00,0.00,0,0,0,0.00,0,0,0
1652437342,0.051844,21.29,1.049375,22.32,0.049188,20.17,1.021875,23.18,21.53,100.02,95.14,1.660156,33.48,1.523437,156.69,0.00,0.00,0,0,0,0.00,0,0,0
1652437352,0.051828,21.28,1.049625,22.31,0.049188,20.17,1.021750,23.18,21.53,100.02,95.16,1.586914,32.01,1.474609,151.97,0.00,0.00,0,0,0,0.00,0,0,0
1652437362,0.051828,21.28,1.049500,22.31,0.049188,20.17,1.021250,23.20,21.52,100.02,95.20,2.500000,50.37,2.329102,234.58,0.00,0.00,0,0,0,0.00,0,0,0
1652437372,0.051844,21.29,1.049875,22.30,0.049172,20.16,1.021500,23.19,21.52,100.03,95.24,1.850586,37.31,1.679687,171.80,0.00,0.00,0,0,0,0.00,0,0,0
1652437382,0.051828,21.28,1.049875,22.30,0.049172,20.16,1.021375,23.20,21.52,100.03,95.28,1.948242,39.28,1.850586,188.32,0.00,0.00,0,0,0,0.00,0,0,0
1652437392,0.051828,21.28,1.049750,22.31,0.049172,20.16,1.021375,23.20,21.52,100.03,95.25,2.597656,52.33,2.412109,242.61,0.00,0.00,0,0,0,0.00,0,0,0
1652437402,0.051813,21.28,1.049625,22.31,0.049172,20.16,1.021375,23.20,21.52,100.03,95.36,1.572266,31.72,1.455078,150.09,0.00,0.00,0,0,0,0.00,0,0,0
1652437412,0.051828,21.29,1.049250,22.32,0.049188,20.17,1.021250,23.20,21.52,100.02,95.36,2.465820,49.68,2.304687,232.22,0.00,0.00,0,0,0,0.00,0,0,0
1652437422,0.051813,21.28,1.049500,22.31,0.049172,20.16,1.021250,23.20,21.53,100.02,95.39,1.962891,39.57,1.782227,181.71,0.00,0.00,0,0,0,0.00,0,0,0
1652437432,0.051813,21.28,1.049500,22.31,0.049172,20.16,1.021500,23.19,21.52,100.01,95.51,2.338867,47.13,2.197266,221.84,0.00,0.00,0,0,0,0.00,0,0,0
1652437442,0.051828,21.29,1.049375,22.32,0.049172,20.16,1.021500,23.19,21.52,100.02,95.50,1.997070,40.26,1.840820,187.38,0.00,0.00,0,0,0,0.00,0,0,0
1652437452,0.051813,21.28,1.049375,22.32,0.049172,20.16,1.021625,23.19,21.52,100.02,95.60,1.630859,32.89,1.523437,156.69,0.00,0.00,0,0,0,0.00,0,0,0
1652437462,0.051828,21.28,1.049500,22.31,0.049172,20.16,1.021625,23.19,21.52,100.02,95.58,2.587891,52.13,2.407227,242.14,0.00,0.00,0,0,0,0.00,0,0,0
1652437472,0.051797,21.27,1.049375,22.32,0.049156,20.15,1.021500,23.19,21.52,100.02,95.63,1.533203,30.93,1.425781,147.25,0.00,0.00,0,0,0,0.00,0,0,0
1652437482,0.051828,21.28,1.049375,22.32,0.049156,20.15,1.021500,23.19,21.52,100.02,95.65,2.602539,52.43,2.416992,243.08,0.00,0.00,0,0,0,0.00,0,0,0
1652437492,0.051828,21.28,1.049000,22.33,0.049172,20.16,1.021250,23.20,21.52,100.03,95.77,1.572266,31.72,1.440430,148.67,0.00,0.00,0,0,0,0.00,0,0,0
1652437502,0.051813,21.28,1.049250,22.32,0.049188,20.17,1.021500,23.19,21.52,100.03,95.74,2.617187,52.72,2.421875,243.55,0.00,0.00,0,0,0,0.00,0,0,0
1652437512,0.051797,21.27,1.049125,22.32,0.049141,20.15,1.021750,23.18,21.52,100.03,95.75,1.538086,31.03,1.420898,146.78,0.00,0.00,0,0,0,0.00,0,0,0
1652437522,0.051813,21.28,1.049250,22.32,0.049188,20.17,1.022000,23.18,21.53,100.02,95.65,2.216797,44.67,2.104492,212.87,0.00,0.00,0,0,0,0.00,0,0,0
1652437532,0.051813,21.28,1.049000,22.33,0.049172,20.16,1.021750,23.18,21.53,100.01,95.79,2.480469,49.97,2.299805,231.75,0.00,0.00,0,0,0,0.00,0,0,0
1652437542,0.051813,21.28,1.049125,22.32,0.049156,20.15,1.022000,23.18,21.53,100.02,95.81,1.606445,32.40,1.513672,155.75,0.00,0.00,0,0,0,0.00,0,0,0
1652437552,0.051813,21.28,1.049125,22.32,0.049156,20.16,1.022000,23.18,21.52,100.01,95.88,2.509766,50.56,2.333984,235.06,0.00,0.00,0,0,0,0.00,0,0,0
1652437562,0.051781,21.27,1.049125,22.32,0.049156,20.15,1.022125,23.17,21.52,100.02,95.88,1.684570,33.97,1.606445,164.72,0.00,0.00,0,0,0,0.00,0,0,0
1652437572,0.051813,21.28,1.049000,22.33,0.049141,20.15,1.022250,23.17,21.53,100.02,95.98,1.933594,38.98,1.767578,180.30,0.00,0.00,0,0,0,0.00,0,0,0
1652437582,0.051797,21.27,1.049000,22.33,0.049141,20.15,1.022125,23.17,21.52,100.02,96.01,2.221680,44.77,2.099609,212.40,0.00,0.00,0,0,0,0.00,0,0,0
1652437592,0.051813,21.28,1.049000,22.33,0.049141,20.15,1.021875,23.18,21.53,100.02,95.94,2.314453,46.64,2.114258,213.81,0.00,0.00,0,0,0,0.00,0,0,0
1652437602,0.051781,21.27,1.049000,22.33,0.049141,20.15,1.022000,23.18,21.52,100.02,96.07,1.835937,37.02,1.762695,179.83,0.00,0.00,0,0,0,0.00,0,0,0
1652437612,0.051813,21.28,1.048875,22.33,0.049141,20.15,1.021625,23.19,21.52,100.02,96.00,1.743164,35.15,1.606445,164.72,0.00,0.00,0,0,0,0.00,0,0,0
1652437622,0.051828,21.28,1.048875,22.33,0.049156,20.15,1.021750,23.18,21.53,100.02,96.12,2.607422,52.53,2.426758,244.03,0.00,0.00,0,0,0,0.00,0,0,0
1652437632,0.051797,21.27,1.048875,22.33,0.049141,20.15,1.021625,23.19,21.53,100.02,96.14,1.562500,31.52,1.464844,151.03,0.00,0.00,0,0,0,0.00,0,0,0
1652437642,0.051813,21.28,1.048875,22.33,0.049125,20.14,1.021500,23.19,21.53,100.01,95.95,2.573242,51.84,2.382812,239.78,0.00,0.00,0,0,0,0.00,0,0,0
1652437652,0.051797,21.27,1.049125,22.32,0.049141,20.15,1.021500,23.19,21.52,100.01,96.23,1.601562,32.31,1.489258,153.39,0.00,0.00,0,0,0,0.00,0,0,0
1652437662,0.051797,21.27,1.049250,22.32,0.049125,20.14,1.021250,23.20,21.52,100.01,96.16,2.514648,50.66,2.329102,234.58,0.00,0.00,0,0,0,0.00,0,0,0
1652437672,0.051797,21.27,1.049250,22.32,0.049141,20.15,1.021375,23.20,21.53,100.01,96.27,1.572266,31.72,1.474609,151.97,0.00,0.00,0,0,0,0.00,0,0,0
1652437682,0.051813,21.28,1.049250,22.32,0.049125,20.14,1.021625,23.19,21.53,100.02,96.31,2.583008,52.04,2.397461,241.19,0.00,0.00,0,0,0,0.00,0,0,0
1652437692,0.051797,21.27,1.049250,22.32,0.049141,20.15,1.021625,23.19,21.53,100.02,96.31,1.616211,32.60,1.513672,155.75,0.00,0.00,0,0,0,0.00,0,0,0
1652437702,0.051813,21.28,1.049000,22.33,0.049125,20.14,1.021500,23.19,21.53,100.02,96.38,1.982422,39.96,1.816406,185.02,0.00,0.00,0,0,0,0.00,0,0,0
1652437712,0.051797,21.27,1.049000,22.33,0.049141,20.15,1.021625,23.19,21.53,100.02,96.41,2.241211,45.17,2.114258,213.81,0.00,0.00,0,0,0,0.00,0,0,0
1652437722,0.051813,21.28,1.048875,22.33,0.049141,20.15,1.021500,23.19,21.53,100.02,96.43,2.475586,49.88,2.255859,227.50,0.00,0.00,0,0,0,0.00,0,0,0
1652437732,0.051797,21.27,1.049000,22.33,0.049109,20.13,1.021500,23.19,21.53,100.02,96.44,1.586914,32.01,1.479492,152.45,0.00,0.00,0,0,0,0.00,0,0,0
1652437742,0.051813,21.28,1.048750,22.34,0.049141,20.15,1.021375,23.20,21.53,100.01,96.46,2.578125,51.94,2.397461,241.19,0.00,0.00,0,0,0,0.00,0,0,0
1652437752,0.051797,21.27,1.048625,22.34,0.049125,20.14,1.021375,23.20,21.53,100.01,96.50,1.582031,31.91,1.479492,152.45,0.00,0.00,0,0,0,0.00,0,0,0
1652437762,0.051797,21.27,1.048750,22.34,0.049125,20.14,1.021375,23.20,21.53,100.01,96.52,2.504883,50.47,2.329102,234.58,0.00,0.00,0,0,0,0.00,0,0,0
1652437772,0.051797,21.27,1.048750,22.34,0.049125,20.14,1.021500,23.19,21.53,100.01,96.58,1.611328,32.50,1.508789,155.28,0.00,0.00,0,0,0,0.00,0,0,0
1652437782,0.051797,21.27,1.048500,22.34,0.049094,20.13,1.021625,23.19,21.53,100.01,96.57,2.573242,51.84,2.387695,240.25,0.00,0.00,0,0,0,0.00,0,0,0
1652437792,0.051797,21.27,1.048625,22.34,0.049125,20.14,1.021875,23.18,21.53,100.02,96.77,1.538086,31.03,1.435547,148.20,0.00,0.00,0,0,0,0.00,0,0,0
1652437802,0.051797,21.27,1.048625,22.34,0.049125,20.14,1.021750,23.18,21.53,100.02,96.62,1.997070,40.26,1.909180,193.99,0.00,0.00,0,0,0,0.00,0,0,0
1652437812,0.051781,21.26,1.048500,22.34,0.049109,20.13,1.021875,23.18,21.53,100.02,96.73,2.490234,50.17,2.314453,233.17,0.00,0.00,0,0,0,0.00,0,0,0
1652437822,0.051797,21.27,1.048500,22.34,0.049125,20.14,1.021875,23.18,21.53,100.02,96.68,1.577148,31.82,1.479492,152.45,0.00,0.00,0,0,0,0.00,0,0,0
1652437832,0.051813,21.28,1.048375,22.35,0.049141,20.15,1.021750,23.18,21.53,100.02,96.84,2.519531,50.76,2.338867,235.53,0.00,0.00,0,0,0,0.00,0,0,0
1652437842,0.051797,21.27,1.048375,22.35,0.049125,20.14,1.021500,23.19,21.53,100.02,96.72,1.611328,32.50,1.508789,155.28,0.00,0.00,0,0,0,0.00,0,0,0
1652437852,0.051813,21.28,1.048500,22.34,0.049109,20.13,1.021500,23.19,21.53,100.02,96.63,2.436523,49.09,2.221680,224.20,0.00,0.00,0,0,0,0.00,0,0,0
1652437862,0.051813,21.28,1.048500,22.34,0.049125,20.14,1.021375,23.20,21.53,100.02,96.78,1.704102,34.37,1.621094,166.14,0.00,0.00,0,0,0,0.00,0,0,0
1652437872,0.051797,21.27,1.048625,22.34,0.049125,20.14,1.021250,23.20,21.53,100.02,96.85,2.587891,52.13,2.407227,242.14,0.00,0.00,0,0,0,0.00,0,0,0
1652437882,0.051797,21.27,1.048625,22.34,0.049109,20.14,1.021125,23.20,21.54,100.01,96.80,1.557617,31.42,1.459961,150.56,0.00,0.00,0,0,0,0.00,0,0,0
1652437892,0.051797,21.27,1.048625,22.34,0.049078,20.12,1.021000,23.21,21.53,100.01,96.85,2.578125,51.94,2.387695,240.25,0.00,0.00,0,0,0,0.00,0,0,0
1652437902,0.051781,21.27,1.048750,22.34,0.049109,20.13,1.021000,23.21,21.54,100.02,96.86,1.547852,31.23,1.445312,149.14,0.00,0.00,0,0,0,0.00,0,0,0
1652437912,0.051781,21.27,1.048625,22.34,0.049109,20.13,1.021125,23.20,21.54,100.02,96.91,2.612305,52.63,2.431641,244.50,0.00,0.00,0,0,0,0.00,0,0,0
1652437922,0.051797,21.27,1.048750,22.34,0.049109,20.13,1.021125,23.20,21.54,100.02,96.77,2.514648,50.66,2.329102,234.58,0.00,0.00,0,0,0,0.00,0,0,0
1652437932,0.051797,21.27,1.048750,22.34,0.049094,20.13,1.021125,23.20,21.54,100.02,96.95,1.552734,31.32,1.450195,149.61,0.00,0.00,0,0,0,0.00,0,0,0
1652437942,0.051813,21.28,1.048625,22.34,0.049094,20.13,1.021250,23.20,21.54,100.02,97.01,2.548828,51.35,2.382812,239.78,0.00,0.00,0,0,0,0.00,0,0,0
1652437952,0.051797,21.27,1.048500,22.34,0.049109,20.13,1.021375,23.20,21.54,100.02,96.98,1.708984,34.47,1.577148,161.89,0.00,0.00,0,0,0,0.00,0,0,0
1652437962,0.051797,21.27,1.048500,22.34,0.049109,20.13,1.021250,23.20,21.54,100.02,97.01,2.446289,49.29,2.299805,231.75,0.00,0.00,0,0,0,0.00,0,0,0
1652437972,0.051797,21.27,1.048375,22.35,0.049094,20.13,1.021250,23.20,21.54,100.01,97.02,2.373047,47.82,2.177734,219.95,0.00,0.00,0,0,0,0.00,0,0,0
1652437982,0.051766,21.26,1.048500,22.34,0.049109,20.14,1.021250,23.20,21.54,100.01,97.02,1.596680,32.21,1.489258,153.39,0.00,0.00,0,0,0,0.00,0,0,0
1652437992,0.051797,21.27,1.048375,22.35,0.049094,20.13,1.021375,23.20,21.55,100.01,97.09,2.568359,51.74,2.387695,240.25,0.00,0.00,0,0,0,0.00,0,0,0
1652438002,0.051781,21.27,1.048250,22.35,0.049094,20.13,1.021500,23.19,21.54,100.01,97.12,1.591797,32.11,1.489258,153.39,0.00,0.00,0,0,0,0.00,0,0,0
1652438012,0.051797,21.27,1.048375,22.35,0.049078,20.12,1.021625,23.19,21.54,100.01,97.04,2.548828,51.35,2.373047,238.83,0.00,0.00,0,0,0,0.00,0,0,0
1652438022,0.051797,21.27,1.048375,22.35,0.049094,20.13,1.021375,23.20,21.55,100.02,97.16,1.684570,33.97,1.552734,159.53,0.00,0.00,0,0,0,0.00,0,0,0
1652438032,0.051797,21.27,1.048625,22.34,0.049109,20.13,1.021500,23.19,21.54,100.02,97.30,1.601562,32.31,1.489258,153.39,0.00,0.00,0,0,0,0.00,0,0,0
1652438042,0.051781,21.27,1.048500,22.34,0.049094,20.13,1.021375,23.20,21.54,100.02,97.17,2.480469,49.97,2.324219,234.11,0.00,0.00,0,0,0,0.00,0,0,0
1652438052,0.051781,21.26,1.048625,22.34,0.049078,20.12,1.021250,23.20,21.55,100.02,97.12,2.319336,46.74,2.109375,213.34,0.00,0.00,0,0,0,0.00,0,0,0
1652438062,0.051781,21.26,1.048375,22.35,0.049063,20.11,1.021125,23.20,21.55,100.02,97.22,1.586914,32.01,1.489258,153.39,0.00,0.00,0,0,0,0.00,0,0,0
1652438072,0.051797,21.27,1.048375,22.35,0.049094,20.13,1.021250,23.20,21.55,100.02,97.28,2.607422,52.53,2.416992,243.08,0.00,0.00,0,0,0,0.00,0,0,0
1652438082,0.051781,21.26,1.048250,22.35,0.049063,20.11,1.021375,23.20,21.55,100.03,97.25,1.542969,31.13,1.430664,147.73,0.00,0.00,0,0,0,0.00,0,0,0
1652438093,0.051781,21.27,1.048250,22.35,0.049094,20.13,1.021375,23.20,21.55,100.02,97.27,2.021484,40.75,1.904297,193.52,0.00,0.00,0,0,0,0.00,0,0,0
1652438103,0.051797,21.27,1.048125,22.36,0.049078,20.12,1.021375,23.20,21.55,100.01,97.32,2.587891,52.13,2.407227,242.14,0.00,0.00,0,0,0,0.00,0,0,0
1652438113,0.051781,21.27,1.048500,22.34,0.049094,20.13,1.021375,23.20,21.55,100.02,97.37,1.743164,35.15,1.606445,164.72,0.00,0.00,0,0,0,0.00,0,0,0
1652438123,0.051781,21.27,1.048250,22.35,0.049078,20.12,1.021125,23.20,21.55,100.01,97.48,1.572266,31.72,1.469727,151.50,0.00,0.00,0,0,0,0.00,0,0,0
1652438133,0.051781,21.27,1.048375,22.35,0.049078,20.12,1.021250,23.20,21.55,100.02,97.40,2.592773,52.23,2.416992,243.08,0.00,0.00,0,0,0,0.00,0,0,0
1652438143,0.051781,21.27,1.048500,22.34,0.049078,20.12,1.021375,23.20,21.55,100.02,97.39,1.606445,32.40,1.474609,151.97,0.00,0.00,0,0,0,0.00,0,0,0
1652438153,0.051766,21.26,1.048375,22.35,0.049078,20.12,1.021500,23.19,21.55,100.02,97.45,2.612305,52.63,2.431641,244.50,0.00,0.00,0,0,0,0.00,0,0,0
1652438163,0.051766,21.26,1.048500,22.34,0.049078,20.12,1.021750,23.18,21.55,100.03,97.46,1.655273,33.39,1.518555,156.22,0.00,0.00,0,0,0,0.00,0,0,0
1652438173,0.051781,21.26,1.048250,22.35,0.049094,20.13,1.021625,23.19,21.56,100.03,97.49,1.777344,35.84,1.689453,172.74,0.00,0.00,0,0,0,0.00,0,0,0
1652438183,0.051766,21.26,1.048500,22.34,0.049063,20.11,1.021500,23.19,21.56,100.03,97.50,2.509766,50.56,2.314453,233.17,0.00,0.00,0,0,0,0.00,0,0,0
1652438193,0.051781,21.26,1.048375,22.35,0.049078,20.12,1.021500,23.19,21.56,100.03,97.36,1.577148,31.82,1.469727,151.50,0.00,0.00,0,0,0,0.00,0,0,0
1652438203,0.051781,21.26,1.048375,22.35,0.049094,20.13,1.021250,23.20,21.56,100.02,97.51,2.602539,52.43,2.426758,244.03,0.00,0.00,0,0,0,0.00,0,0,0
1652438213,0.051766,21.26,1.048250,22.35,0.049094,20.13,1.021250,23.20,21.56,100.01,97.42,1.518555,30.64,1.430664,147.73,0.00,0.00,0,0,0,0.00,0,0,0
1652438223,0.051781,21.27,1.048375,22.35,0.049047,20.11,1.021125,23.20,21.56,100.01,97.58,2.578125,51.94,2.412109,242.61,0.00,0.00,0,0,0,0.00,0,0,0
1652438233,0.051781,21.27,1.048250,22.35,0.049078,20.12,1.021125,23.20,21.56,100.01,97.54,1.875000,37.80,1.718750,175.58,0.00,0.00,0,0,0,0.00,0,0,0
1652438243,0.051766,21.26,1.048000,22.36,0.049078,20.12,1.021125,23.20,21.55,100.01,97.63,1.591797,32.11,1.494141,153.86,0.00,0.00,0,0,0,0.00,0,0,0
1652438253,0.051781,21.26,1.047875,22.36,0.049078,20.12,1.021000,23.21,21.56,100.02,97.65,2.607422,52.53,2.421875,243.55,0.00,0.00,0,0,0,0.00,0,0,0
1652438263,0.051766,21.26,1.047875,22.36,0.049047,20.11,1.021375,23.20,21.57,100.02,97.64,1.811523,36.53,1.655273,169.44,0.00,0.00,0,0,0,0.00,0,0,0
1652438273,0.051766,21.26,1.047875,22.36,0.049063,20.11,1.021000,23.21,21.57,100.03,97.66,1.557617,31.42,1.440430,148.67,0.00,0.00,0,0,0,0.00,0,0,0
1652438283,0.051781,21.26,1.047875,22.36,0.049078,20.12,1.021000,23.21,21.56,100.02,97.58,2.148437,43.30,2.006836,203.43,0.00,0.00,0,0,0,0.00,0,0,0
1652438293,0.051781,21.26,1.048000,22.36,0.049094,20.13,1.021250,23.20,21.57,100.03,97.72,2.607422,52.53,2.421875,243.55,0.00,0.00,0,0,0,0.00,0,0,0
1652438303,0.051766,21.26,1.047875,22.36,0.049047,20.11,1.021375,23.20,21.57,100.03,97.74,1.611328,32.50,1.494141,153.86,0.00,0.00,0,0,0,0.00,0,0,0
1652438313,0.051781,21.26,1.048000,22.36,0.049078,20.12,1.021375,23.20,21.57,100.02,97.81,2.519531,50.76,2.353516,236.95,0.00,0.00,0,0,0,0.00,0,0,0
1652438323,0.051766,21.26,1.047875,22.36,0.049047,20.11,1.021500,23.19,21.57,100.02,97.73,1.547852,31.23,1.430664,147.73,0.00,0.00,0,0,0,0.00,0,0,0
1652438333,0.051766,21.26,1.047625,22.37,0.049063,20.12,1.021125,23.20,21.57,100.01,98.01,2.612305,52.63,2.421875,243.55,0.00,0.00,0,0,0,0.00,0,0,0
1652438343,0.051766,21.26,1.047625,22.37,0.049063,20.12,1.021375,23.20,21.57,100.01,97.77,1.542969,31.13,1.430664,147.73,0.00,0.00,0,0,0,0.00,0,0,0
1652438353,0.051781,21.27,1.047625,22.37,0.049047,20.11,1.021250,23.20,21.57,100.02,97.80,2.602539,52.43,2.416992,243.08,0.00,0.00,0,0,0,0.00,0,0,0
1652438363,0.051750,21.25,1.047750,22.37,0.049047,20.11,1.021375,23.20,21.57,100.02,97.84,1.538086,31.03,1.440430,148.67,0.00,0.00,0,0,0,0.00,0,0,0
1652438373,0.051750,21.25,1.047375,22.38,0.049063,20.11,1.021375,23.20,21.58,100.02,97.72,2.602539,52.43,2.421875,243.55,0.00,0.00,0,0,0,0.00,0,0,0
1652438383,0.051766,21.26,1.047750,22.37,0.049047,20.11,1.021750,23.18,21.58,100.03,97.87,1.533203,30.93,1.435547,148.20,0.00,0.00,0,0,0,0.00,0,0,0
1652438393,0.051781,21.26,1.048000,22.36,0.049063,20.11,1.021750,23.18,21.57,100.02,97.88,2.407227,48.50,2.255859,227.50,0.00,0.00,0,0,0,0.00,0,0,0
1652438403,0.051766,21.26,1.047750,22.37,0.049063,20.11,1.021625,23.19,21.57,100.03,97.92,2.514648,50.66,2.338867,235.53,0.00,0.00,0,0,0,0.00,0,0,0
1652438413,0.051781,21.26,1.047875,22.36,0.049063,20.11,1.021750,23.18,21.57,100.03,97.83,1.547852,31.23,1.430664,147.73,0.00,0.00,0,0,0,0.00,0,0,0
1652438423,0.051766,21.26,1.047750,22.37,0.049047,20.11,1.021625,23.19,21.57,100.02,97.94,1.577148,31.82,1.474609,151.97,0.00,0.00,0,0,0,0.00,0,0,0
1652438433,0.051781,21.26,1.047625,22.37,0.049031,20.10,1.021500,23.19,21.58,100.02,97.95,2.529297,50.96,2.368164,238.36,0.00,0.00,0,0,0,0.00,0,0,0
1652438443,0.051766,21.26,1.047500,22.38,0.049063,20.12,1.021500,23.19,21.57,100.02,97.95,2.373047,47.82,2.167969,219.01,0.00,0.00,0,0,0,0.00,0,0,0
1652438453,0.051766,21.26,1.047750,22.37,0.049047,20.11,1.021500,23.19,21.58,100.02,97.98,1.650391,33.29,1.552734,159.53,0.00,0.00,0,0,0,0.00,0,0,0
1652438463,0.051766,21.26,1.047875,22.36,0.049031,20.10,1.021375,23.20,21.58,100.01,97.87,2.539062,51.15,2.353516,236.95,0.00,0.00,0,0,0,0.00,0,0,0
1652438473,0.051766,21.26,1.047750,22.37,0.049047,20.11,1.021250,23.20,21.58,100.02,98.02,1.640625,33.09,1.533203,157.64,0.00,0.00,0,0,0,0.00,0,0,0
1652438483,0.051766,21.26,1.047750,22.37,0.049063,20.11,1.021375,23.20,21.58,100.02,98.21,2.514648,50.66,2.333984,235.06,0.00,0.00,0,0,0,0.00,0,0,0
1652438493,0.051766,21.26,1.047875,22.36,0.049047,20.11,1.021625,23.19,21.58,100.03,98.04,1.577148,31.82,1.479492,152.45,0.00,0.00,0,0,0,0.00,0,0,0
1652438503,0.051750,21.25,1.047625,22.37,0.049047,20.11,1.021500,23.19,21.58,100.03,98.08,2.602539,52.43,2.416992,243.08,0.00,0.00,0,0,0,0.00,0,0,0
1652438513,0.051766,21.26,1.047375,22.38,0.049047,20.11,1.021125,23.20,21.58,100.03,98.09,1.596680,32.21,1.474609,151.97,0.00,0.00,0,0,0,0.00,0,0,0
1652438523,0.051766,21.26,1.047625,22.37,0.049063,20.11,1.021250,23.20,21.59,100.03,98.08,1.630859,32.89,1.513672,155.75,0.00,0.00,0,0,0,0.00,0,0,0
1652438533,0.051766,21.26,1.047500,22.38,0.049031,20.10,1.021000,23.21,21.58,100.03,98.20,2.607422,52.53,2.421875,243.55,0.00,0.00,0,0,0,0.00,0,0,0
1652438543,0.051766,21.26,1.047375,22.38,0.049047,20.11,1.021000,23.21,21.58,100.02,98.14,2.011719,40.55,1.860352,189.27,0.00,0.00,0,0,0,0.00,0,0,0
1652438553,0.051766,21.26,1.047250,22.38,0.049031,20.10,1.021000,23.21,21.59,100.02,98.33,1.972656,39.77,1.879883,191.15,0.00,0.00,0,0,0,0.00,0,0,0
1652438563,0.051766,21.26,1.047125,22.39,0.049031,20.10,1.021000,23.21,21.58,100.02,98.17,2.500000,50.37,2.324219,234.11,0.00,0.00,0,0,0,0.00,0,0,0
1652438573,0.051734,21.24,1.047250,22.38,0.049047,20.11,1.021125,23.20,21.58,100.02,98.24,1.591797,32.11,1.479492,152.45,0.00,0.00,0,0,0,0.00,0,0,0
1652438583,0.051766,21.26,1.047375,22.38,0.049031,20.10,1.021125,23.20,21.59,100.02,98.17,2.607422,52.53,2.416992,243.08,0.00,0.00,0,0,0,0.00,0,0,0
1652438593,0.051766,21.26,1.047625,22.37,0.049047,20.11,1.020875,23.21,21.59,100.03,98.21,2.299805,46.34,2.089844,211.45,0.00,0.00,0,0,0,0.00,0,0,0
1652438603,0.051766,21.26,1.047750,22.37,0.049031,20.10,1.020625,23.22,21.59,100.03,98.05,1.542969,31.13,1.440430,148.67,0.00,0.00,0,0,0,0.00,0,0,0
1652438613,0.051766,21.26,1.047625,22.37,0.049031,20.10,1.020500,23.22,21.59,100.03,98.24,2.392578,48.21,2.250977,227.03,0.00,0.00,0,0,0,0.00,0,0,0
1652438623,0.051750,21.25,1.047250,22.38,0.049031,20.10,1.020375,23.23,21.60,100.03,98.30,2.187500,44.09,1.997070,202.48,0.00,0.00,0,0,0,0.00,0,0,0
1652438633,0.051766,21.25,1.047500,22.38,0.049047,20.10,1.020625,23.22,21.59,100.03,98.27,2.133789,43.01,2.006836,203.43,0.00,0.00,0,0,0,0.00,0,0,0
1652438643,0.051750,21.25,1.047375,22.38,0.049016,20.09,1.020500,23.22,21.59,100.02,98.36,2.143555,43.20,1.958008,198.71,0.00,0.00,0,0,0,0.00,0,0,0
1652438653,0.051766,21.26,1.047500,22.38,0.049000,20.09,1.020250,23.23,21.59,100.02,98.25,1.640625,33.09,1.523437,156.69,0.00,0.00,0,0,0,0.00,0,0,0
1652438663,0.051766,21.26,1.047500,22.38,0.049047,20.11,1.020000,23.24,21.60,100.03,98.27,2.524414,50.86,2.363281,237.89,0.00,0.00,0,0,0,0.00,0,0,0
1652438673,0.051750,21.25,1.047500,22.38,0.049047,20.11,1.020000,23.24,21.60,100.02,98.50,2.592773,52.23,2.412109,242.61,0.00,0.00,0,0,0,0.00,0,0,0
1652438683,0.051766,21.26,1.047500,22.38,0.049031,20.10,1.020000,23.24,21.60,100.02,98.33,1.718750,34.66,1.582031,162.36,0.00,0.00,0,0,0,0.00,0,0,0
1652438693,0.051766,21.26,1.047750,22.37,0.049047,20.11,1.020000,23.24,21.60,100.02,98.42,1.748047,35.25,1.679687,171.80,0.00,0.00,0,0,0,0.00,0,0,0
1652438703,0.051750,21.25,1.047625,22.37,0.049016,20.09,1.019750,23.25,21.60,100.02,98.35,2.504883,50.47,2.319336,233.64,0.00,0.00,0,0,0,0.00,0,0,0
1652438713,0.051750,21.25,1.047625,22.37,0.049031,20.10,1.019875,23.24,21.60,100.03,98.34,1.650391,33.29,1.542969,158.58,0.00,0.00,0,0,0,0.00,0,0,0
1652438723,0.051750,21.25,1.047250,22.38,0.049047,20.11,1.019625,23.25,21.60,100.03,98.40,2.553711,51.45,2.373047,238.83,0.00,0.00,0,0,0,0.00,0,0,0
1652438733,0.051750,21.25,1.047625,22.37,0.049047,20.10,1.019875,23.24,21.60,100.03,98.45,1.591797,32.11,1.489258,153.39,0.00,0.00,0,0,0,0.00,0,0,0
1652438743,0.051750,21.25,1.047375,22.38,0.049047,20.11,1.019625,23.25,21.61,100.03,98.39,2.607422,52.53,2.416992,243.08,0.00,0.00,0,0,0,0.00,0,0,0
1652438753,0.051734,21.24,1.047250,22.38,0.049031,20.10,1.019375,23.26,21.61,100.03,98.43,2.158203,43.50,1.962891,199.18,0.00,0.00,0,0,0,0.00,0,0,0
1652438763,0.051750,21.25,1.047375,22.38,0.049016,20.09,1.019250,23.26,21.61,100.03,98.35,1.528320,30.83,1.425781,147.25,0.00,0.00,0,0,0,0.00,0,0,0
1652438773,0.051750,21.25,1.047500,22.38,0.049047,20.11,1.019375,23.26,21.60,100.03,98.44,1.640625,33.09,1.533203,157.64,0.00,0.00,0,0,0,0.00,0,0,0
1652438783,0.051750,21.25,1.047500,22.38,0.049047,20.11,1.019250,23.26,21.61,100.02,98.32,2.524414,50.86,2.358398,237.42,0.00,0.00,0,0,0,0.00,0,0,0
1652438793,0.051750,21.25,1.047500,22.38,0.049031,20.10,1.019250,23.26,21.61,100.03,98.48,2.519531,50.76,2.343750,236.00,0.00,0.00,0,0,0,0.00,0,0,0
1652438803,0.051750,21.25,1.047750,22.37,0.049063,20.11,1.019250,23.26,21.61,100.03,98.49,1.557617,31.42,1.459961,150.56,0.00,0.00,0,0,0,0.00,0,0,0
1652438813,0.051734,21.25,1.047625,22.37,0.049016,20.09,1.019125,23.27,21.61,100.02,98.28,2.578125,51.94,2.392578,240.72,0.00,0.00,0,0,0,0.00,0,0,0
1652438823,0.051734,21.24,1.047875,22.36,0.049047,20.11,1.019125,23.27,21.61,100.03,98.50,1.547852,31.23,1.430664,147.73,0.00,0.00,0,0,0,0.00,0,0,0
1652438833,0.051750,21.25,1.047750,22.37,0.049047,20.11,1.018875,23.27,21.61,100.03,98.47,2.163086,43.59,2.021484,204.84,0.00,0.00,0,0,0,0.00,0,0,0
1652438843,0.051750,21.25,1.047750,22.37,0.049047,20.10,1.019125,23.27,21.61,100.03,98.52,2.602539,52.43,2.416992,243.08,0.00,0.00,0,0,0,0.00,0,0,0
1652438853,0.051734,21.24,1.047750,22.37,0.049031,20.10,1.019125,23.27,21.62,100.03,98.41,2.524414,50.86,2.348633,236.47,0.00,0.00,0,0,0,0.00,0,0,0
1652438863,0.051734,21.24,1.047750,22.37,0.049031,20.10,1.019125,23.27,21.62,100.03,98.53,1.718750,34.66,1.577148,161.89,0.00,0.00,0,0,0,0.00,0,0,0
1652438873,0.051734,21.24,1.048000,22.36,0.049047,20.11,1.019250,23.26,21.62,100.03,98.46,1.567383,31.62,1.464844,151.03,0.00,0.00,0,0,0,0.00,0,0,0
1652438883,0.051734,21.24,1.047750,22.37,0.049016,20.09,1.019250,23.26,21.62,100.03,98.53,2.500000,50.37,2.338867,235.53,0.00,0.00,0,0,0,0.00,0,0,0
1652438893,0.051734,21.24,1.047625,22.37,0.049047,20.11,1.019500,23.25,21.62,100.02,98.53,2.553711,51.45,2.373047,238.83,0.00,0.00,0,0,0,0.00,0,0,0
1652438903,0.051734,21.24,1.047500,22.38,0.049031,20.10,1.019250,23.26,21.62,100.03,98.58,1.528320,30.83,1.430664,147.73,0.00,0.00,0,0,0,0.00,0,0,0
1652438913,0.051719,21.24,1.047375,22.38,0.049047,20.11,1.019125,23.27,21.62,100.02,98.60,2.392578,48.21,2.246094,226.56,0.00,0.00,0,0,0,0.00,0,0,0
1652438923,0.051734,21.25,1.047375,22.38,0.049047,20.11,1.019125,23.27,21.62,100.02,98.35,2.534180,51.05,2.358398,237.42,0.00,0.00,0,0,0,0.00,0,0,0
1652438933,0.051719,21.24,1.047125,22.39,0.049016,20.09,1.019000,23.27,21.62,100.02,98.60,1.562500,31.52,1.464844,151.03,0.00,0.00,0,0,0,0.00,0,0,0
1652438943,0.051719,21.24,1.047000,22.39,0.049047,20.11,1.019000,23.27,21.62,100.02,98.68,2.568359,51.74,2.387695,240.25,0.00,0.00,0,0,0,0.00,0,0,0
1652438953,0.051719,21.24,1.047125,22.39,0.049031,20.10,1.019000,23.27,21.62,100.03,98.61,1.611328,32.50,1.508789,155.28,0.00,0.00,0,0,0,0.00,0,0,0
1652438963,0.051719,21.24,1.046750,22.40,0.049047,20.11,1.018875,23.27,21.63,100.03,98.68,2.490234,50.17,2.314453,233.17,0.00,0.00,0,0,0,0.00,0,0,0
1652438973,0.051734,21.24,1.046875,22.39,0.049031,20.10,1.019000,23.27,21.63,100.03,98.66,1.630859,32.89,1.523437,156.69,0.00,0.00,0,0,0,0.00,0,0,0
1652438983,0.051719,21.24,1.047000,22.39,0.049016,20.09,1.018875,23.27,21.63,100.03,98.64,2.583008,52.04,2.402344,241.67,0.00,0.00,0,0,0,0.00,0,0,0
1652438993,0.051734,21.24,1.047000,22.39,0.049047,20.11,1.018875,23.27,21.63,100.03,98.70,1.972656,39.77,1.806641,184.07,0.00,0.00,0,0,0,0.00,0,0,0
1652439003,0.051719,21.24,1.046875,22.39,0.049047,20.11,1.018750,23.28,21.63,100.02,98.72,1.611328,32.50,1.489258,153.39,0.00,0.00,0,0,0,0.00,0,0,0
1652439013,0.051719,21.24,1.046875,22.39,0.049047,20.11,1.018500,23.29,21.64,100.02,98.80,2.607422,52.53,2.426758,244.03,0.00,0.00,0,0,0,0.00,0,0,0
1652439023,0.051719,21.24,1.046875,22.39,0.049031,20.10,1.018750,23.28,21.63,100.02,98.74,1.596680,32.21,1.479492,152.45,0.00,0.00,0,0,0,0.00,0,0,0
1652439033,0.051719,21.24,1.046875,22.39,0.049031,20.10,1.018750,23.28,21.63,100.02,98.80,2.275391,45.85,2.148437,217.12,0.00,0.00,0,0,0,0.00,0,0,0
1652439043,0.051719,21.24,1.046750,22.40,0.049047,20.11,1.019000,23.27,21.63,100.02,98.72,2.573242,51.84,2.392578,240.72,0.00,0.00,0,0,0,0.00,0,0,0
1652439053,0.051719,21.24,1.046625,22.40,0.049031,20.10,1.018875,23.27,21.63,100.03,98.62,1.528320,30.83,1.420898,146.78,0.00,0.00,0,0,0,0.00,0,0,0
1652439063,0.051734,21.24,1.046625,22.40,0.049031,20.10,1.018875,23.27,21.63,100.03,98.75,2.539062,51.15,2.377930,239.31,0.00,0.00,0,0,0,0.00,0,0,0
1652439073,0.051719,21.24,1.046500,22.41,0.049047,20.11,1.019000,23.27,21.64,100.03,98.84,2.011719,40.55,1.845703,187.85,0.00,0.00,0,0,0,0.00,0,0,0
1652439083,0.051734,21.24,1.046500,22.41,0.049047,20.11,1.019125,23.27,21.63,100.03,98.76,1.669922,33.68,1.577148,161.89,0.00,0.00,0,0,0,0.00,0,0,0
1652439093,0.051719,21.24,1.046375,22.41,0.049016,20.09,1.018750,23.28,21.64,100.03,98.82,2.592773,52.23,2.402344,241.67,0.00,0.00,0,0,0,0.00,0,0,0
1652439103,0.051734,21.24,1.046625,22.40,0.049031,20.10,1.018875,23.27,21.64,100.03,98.54,1.630859,32.89,1.494141,153.86,0.00,0.00,0,0,0,0.00,0,0,0
1652439113,0.051719,21.24,1.046500,22.41,0.049047,20.11,1.018750,23.28,21.63,100.03,98.85,1.645508,33.19,1.538086,158.11,0.00,0.00,0,0,0,0.00,0,0,0
1652439123,0.051734,21.24,1.046750,22.40,0.049031,20.10,1.018375,23.29,21.64,100.03,98.81,2.597656,52.33,2.421875,243.55,0.00,0.00,0,0,0,0.00,0,0,0
1652439133,0.051734,21.24,1.046625,22.40,0.049031,20.10,1.018250,23.29,21.64,100.02,98.87,1.918945,38.69,1.752930,178.88,0.00,0.00,0,0,0,0.00,0,0,0
1652439143,0.051719,21.24,1.046875,22.39,0.049047,20.11,1.017875,23.31,21.64,100.02,98.84,2.207031,44.48,2.099609,212.40,0.00,0.00,0,0,0,0.00,0,0,0
1652439153,0.051703,21.23,1.046875,22.39,0.049047,20.11,1.017875,23.31,21.64,100.03,98.89,1.767578,35.64,1.621094,166.14,0.00,0.00,0,0,0,0.00,0,0,0
1652439163,0.051719,21.24,1.046750,22.40,0.049047,20.11,1.017625,23.31,21.64,100.03,98.80,2.329102,46.93,2.197266,221.84,0.00,0.00,0,0,0,0.00,0,0,0
1652439173,0.051734,21.24,1.047125,22.39,0.049031,20.10,1.017750,23.31,21.65,100.03,98.92,2.534180,51.05,2.358398,237.42,0.00,0.00,0,0,0,0.00,0,0,0
1652439183,0.051703,21.23,1.047125,22.39,0.049016,20.09,1.017750,23.31,21.64,100.03,98.81,1.567383,31.62,1.459961,150.56,0.00,0.00,0,0,0,0.00,0,0,0
1652439193,0.051734,21.24,1.047000,22.39,0.049047,20.10,1.017625,23.31,21.64,100.04,98.93,2.617187,52.72,2.421875,243.55,0.00,0.00,0,0,0,0.00,0,0,0
1652439203,0.051703,21.23,1.046875,22.39,0.049047,20.10,1.017625,23.31,21.64,100.04,98.84,1.591797,32.11,1.484375,152.92,0.00,0.00,0,0,0,0.00,0,0,0
1652439213,0.051719,21.23,1.046625,22.40,0.049016,20.09,1.017375,23.32,21.65,100.04,98.93,2.583008,52.04,2.387695,240.25,0.00,0.00,0,0,0,0.00,0,0,0
1652439223,0.051734,21.24,1.046500,22.41,0.049047,20.10,1.017500,23.32,21.64,100.04,99.04,1.538086,31.03,1.430664,147.73,0.00,0.00,0,0,0,0.00,0,0,0
1652439233,0.051734,21.24,1.046375,22.41,0.049031,20.10,1.017250,23.33,21.65,100.03,98.97,2.319336,46.74,2.182617,220.42,0.00,0.00,0,0,0,0.00,0,0,0
1652439243,0.051734,21.24,1.046125,22.42,0.049047,20.11,1.017125,23.33,21.65,100.02,98.97,2.504883,50.47,2.319336,233.64,0.00,0.00,0,0,0,0.00,0,0,0
1652439253,0.051719,21.24,1.046500,22.41,0.049047,20.11,1.017250,23.33,21.65,100.02,99.00,1.601562,32.31,1.484375,152.92,0.00,0.00,0,0,0,0.00,0,0,0
1652439263,0.051734,21.24,1.046500,22.41,0.049047,20.11,1.017375,23.32,21.65,100.03,99.09,2.607422,52.53,2.412109,242.61,0.00,0.00,0,0,0,0.00,0,0,0
1652439273,0.051719,21.24,1.046375,22.41,0.049016,20.09,1.017125,23.33,21.64,100.03,98.99,1.557617,31.42,1.435547,148.20,0.00,0.00,0,0,0,0.00,0,0,0
1652439283,0.051734,21.24,1.046500,22.41,0.049047,20.10,1.016875,23.34,21.65,100.04,98.97,2.495117,50.27,2.324219,234.11,0.00,0.00,0,0,0,0.00,0,0,0
1652439293,0.051719,21.23,1.046500,22.41,0.049016,20.09,1.017125,23.33,21.64,100.05,99.05,2.490234,50.17,2.304687,232.22,0.00,0.00,0,0,0,0.00,0,0,0
1652439303,0.051719,21.23,1.046625,22.40,0.049047,20.10,1.017125,23.33,21.65,100.04,99.06,1.557617,31.42,1.450195,149.61,0.00,0.00,0,0,0,0.00,0,0,0
1652439313,0.051734,21.24,1.046375,22.41,0.049063,20.11,1.017000,23.33,21.65,100.04,98.91,2.626953,52.92,2.431641,244.50,0.00,0.00,0,0,0,0.00,0,0,0
1652439323,0.051719,21.23,1.046375,22.41,0.049047,20.10,1.017250,23.33,21.65,100.05,99.05,2.514648,50.66,2.324219,234.11,0.00,0.00,0,0,0,0.00,0,0,0
1652439333,0.051719,21.23,1.046250,22.41,0.049047,20.10,1.017000,23.33,21.65,100.04,99.04,1.547852,31.23,1.430664,147.73,0.00,0.00,0,0,0,0.00,0,0,0
1652439343,0.051719,21.23,1.046500,22.41,0.049031,20.10,1.017000,23.33,21.65,100.04,99.06,2.153320,43.40,2.011719,203.90,0.00,0.00,0,0,0,0.00,0,0,0
1652439353,0.051719,21.24,1.046250,22.41,0.049063,20.11,1.016875,23.34,21.65,100.02,99.00,2.187500,44.09,1.987305,201.54,0.00,0.00,0,0,0,0.00,0,0,0
1652439363,0.051703,21.23,1.046375,22.41,0.049031,20.10,1.016750,23.34,21.65,100.02,99.08,2.045898,41.24,1.933594,196.35,0.00,0.00,0,0,0,0.00,0,0,0
1652439373,0.051719,21.24,1.046500,22.41,0.049047,20.11,1.016750,23.34,21.65,100.02,99.13,2.602539,52.43,2.412109,242.61,0.00,0.00,0,0,0,0.00,0,0,0
1652439383,0.051703,21.23,1.046625,22.40,0.049047,20.10,1.016750,23.34,21.65,100.03,99.11,1.562500,31.52,1.445312,149.14,0.00,0.00,0,0,0,0.00,0,0,0
1652439393,0.051719,21.24,1.046750,22.40,0.049031,20.10,1.016625,23.35,21.65,100.03,99.15,2.368164,47.72,2.221680,224.20,0.00,0.00,0,0,0,0.00,0,0,0
1652439403,0.051719,21.23,1.046750,22.40,0.049047,20.10,1.016500,23.35,21.65,100.04,99.20,2.001953,40.36,1.850586,188.32,0.00,0.00,0,0,0,0.00,0,0,0
1652439413,0.051719,21.23,1.046500,22.41,0.049047,20.10,1.016500,23.35,21.65,100.04,99.16,2.319336,46.74,2.182617,220.42,0.00,0.00,0,0,0,0.00,0,0,0
1652439423,0.051703,21.23,1.046250,22.41,0.049063,20.11,1.016500,23.35,21.66,100.03,99.30,2.412109,48.60,2.192383,221.37,0.00,0.00,0,0,0,0.00,0,0,0
1652439433,0.051719,21.24,1.046250,22.41,0.049016,20.09,1.016625,23.35,21.66,100.03,99.18,1.596680,32.21,1.484375,152.92,0.00,0.00,0,0,0,0.00,0,0,0
1652439443,0.051719,21.24,1.046125,22.42,0.049063,20.11,1.016750,23.34,21.66,100.03,99.19,2.617187,52.72,2.416992,243.08,0.00,0.00,0,0,0,0.00,0,0,0
1652439453,0.051703,21.23,1.046000,22.42,0.049078,20.12,1.016750,23.34,21.66,100.03,99.16,1.552734,31.32,1.430664,147.73,0.00,0.00,0,0,0,0.00,0,0,0
1652439463,0.051703,21.23,1.045500,22.44,0.049031,20.10,1.016125,23.36,21.66,100.04,99.08,2.602539,52.43,2.407227,242.14,0.00,0.00,0,0,0,0.00,0,0,0
1652439473,0.051703,21.23,1.045625,22.43,0.049031,20.10,1.016500,23.35,21.66,100.03,99.17,1.787109,36.04,1.621094,166.14,0.00,0.00,0,0,0,0.00,0,0,0
1652439483,0.051703,21.23,1.045625,22.43,0.049016,20.09,1.016250,23.36,21.66,100.03,99.17,2.202148,44.38,2.089844,211.45,0.00,0.00,0,0,0,0.00,0,0,0
1652439493,0.051703,21.23,1.045500,22.44,0.049047,20.11,1.016375,23.35,21.66,100.03,99.24,2.309570,46.54,2.080078,210.51,0.00,0.00,0,0,0,0.00,0,0,0
1652439503,0.051703,21.23,1.045750,22.43,0.049047,20.10,1.016125,23.36,21.66,100.04,99.16,2.026367,40.85,1.923828,195.40,0.00,0.00,0,0,0,0.00,0,0,0
1652439513,0.051703,21.23,1.046125,22.42,0.049016,20.09,1.016250,23.36,21.66,100.04,99.26,2.207031,44.48,2.001953,202.96,0.00,0.00,0,0,0,0.00,0,0,0
1652439523,0.051719,21.23,1.046125,22.42,0.049047,20.10,1.016125,23.36,21.66,100.05,99.24,1.582031,31.91,1.455078,150.09,0.00,0.00,0,0,0,0.00,0,0,0
1652439533,0.051703,21.23,1.046500,22.41,0.049016,20.09,1.016000,23.37,21.66,100.04,99.50,2.504883,50.47,2.338867,235.53,0.00,0.00,0,0,0,0.00,0,0,0
1652439543,0.051719,21.23,1.046500,22.41,0.049063,20.11,1.015875,23.37,21.66,100.04,99.28,2.573242,51.84,2.373047,238.83,0.00,0.00,0,0,0,0.00,0,0,0
1652439553,0.051703,21.23,1.046750,22.40,0.049047,20.10,1.016125,23.36,21.66,100.03,99.49,1.547852,31.23,1.430664,147.73,0.00,0.00,0,0,0,0.00,0,0,0
1652439563,0.051719,21.23,1.046375,22.41,0.049047,20.10,1.015750,23.37,21.66,100.04,99.28,2.587891,52.13,2.407227,242.14,0.00,0.00,0,0,0,0.00,0,0,0
1652439573,0.051719,21.24,1.046375,22.41,0.049047,20.11,1.015875,23.37,21.66,100.02,99.46,1.821289,36.72,1.655273,169.44,0.00,0.00,0,0,0,0.00,0,0,0
1652439583,0.051719,21.24,1.046500,22.41,0.049016,20.09,1.015625,23.38,21.66,100.02,99.31,2.490234,50.17,2.324219,234.11,0.00,0.00,0,0,0,0.00,0,0,0
1652439593,0.051688,21.22,1.046500,22.41,0.049016,20.09,1.015750,23.37,21.66,100.03,99.15,2.421875,48.80,2.197266,221.84,0.00,0.00,0,0,0,0.00,0,0,0
1652439603,0.051703,21.23,1.046500,22.41,0.049031,20.10,1.015750,23.37,21.67,100.02,99.34,1.606445,32.40,1.464844,151.03,0.00,0.00,0,0,0,0.00,0,0,0
1652439613,0.051703,21.23,1.046250,22.41,0.049031,20.10,1.015625,23.38,21.66,100.04,99.46,2.309570,46.54,2.167969,219.01,0.00,0.00,0,0,0,0.00,0,0,0
1652439623,0.051703,21.23,1.046250,22.41,0.049031,20.10,1.015750,23.37,21.67,100.04,99.35,1.918945,38.69,1.743164,177.94,0.00,0.00,0,0,0,0.00,0,0,0
1652439633,0.051703,21.23,1.046000,22.42,0.049063,20.11,1.015375,23.39,21.66,100.03,99.20,2.309570,46.54,2.172852,219.48,0.00,0.00,0,0,0,0.00,0,0,0
1652439643,0.051703,21.23,1.046125,22.42,0.049047,20.10,1.015500,23.38,21.67,100.03,99.37,2.529297,50.96,2.343750,236.00,0.00,0.00,0,0,0,0.00,0,0,0
1652439653,0.051703,21.23,1.046000,22.42,0.049047,20.10,1.015500,23.38,21.67,100.03,99.32,1.562500,31.52,1.450195,149.61,0.00,0.00,0,0,0,0.00,0,0,0
1652439663,0.051672,21.22,1.046000,22.42,0.049031,20.10,1.015625,23.38,21.67,100.03,99.40,2.338867,47.13,2.192383,221.37,0.00,0.00,0,0,0,0.00,0,0,0
1652439673,0.051703,21.23,1.045625,22.43,0.049047,20.11,1.015625,23.38,21.67,100.03,99.37,2.167969,43.69,1.967773,199.65,0.00,0.00,0,0,0,0.00,0,0,0
1652439683,0.051688,21.22,1.045750,22.43,0.049016,20.09,1.015500,23.38,21.67,100.03,99.41,2.314453,46.64,2.172852,219.48,0.00,0.00,0,0,0,0.00,0,0,0
1652439693,0.051688,21.23,1.045750,22.43,0.049016,20.09,1.015500,23.38,21.66,100.02,99.40,2.006836,40.45,1.850586,188.32,0.00,0.00,0,0,0,0.00,0,0,0
1652439703,0.051688,21.22,1.045875,22.43,0.049031,20.10,1.015250,23.39,21.67,100.03,99.42,1.840820,37.12,1.757812,179.35,0.00,0.00,0,0,0,0.00,0,0,0
1652439713,0.051703,21.23,1.045625,22.43,0.049047,20.11,1.015250,23.39,21.67,100.02,99.41,2.485352,50.07,2.275391,229.39,0.00,0.00,0,0,0,0.00,0,0,0
1652439723,0.051688,21.22,1.045625,22.43,0.049016,20.09,1.015375,23.39,21.67,100.03,99.60,1.552734,31.32,1.430664,147.73,0.00,0.00,0,0,0,0.00,0,0,0
1652439733,0.051688,21.22,1.045375,22.44,0.049031,20.10,1.015250,23.39,21.67,100.03,99.43,2.158203,43.50,2.016602,204.37,0.00,0.00,0,0,0,0.00,0,0,0
1652439743,0.051688,21.22,1.045250,22.45,0.049031,20.09,1.015125,23.39,21.67,100.05,99.38,2.583008,52.04,2.392578,240.72,0.00,0.00,0,0,0,0.00,0,0,0
1652439753,0.051672,21.22,1.045375,22.44,0.049047,20.11,1.015125,23.39,21.67,100.03,99.50,1.542969,31.13,1.435547,148.20,0.00,0.00,0,0,0,0.00,0,0,0
1652439763,0.051703,21.23,1.045375,22.44,0.049031,20.10,1.015125,23.39,21.68,100.03,99.55,2.602539,52.43,2.412109,242.61,0.00,0.00,0,0,0,0.00,0,0,0
1652439773,0.051688,21.22,1.045375,22.44,0.049047,20.10,1.015000,23.40,21.67,100.03,99.51,1.542969,31.13,1.425781,147.25,0.00,0.00,0,0,0,0.00,0,0,0
1652439783,0.051688,21.22,1.045250,22.45,0.049047,20.11,1.015000,23.40,21.67,100.03,99.52,2.480469,49.97,2.314453,233.17,0.00,0.00,0,0,0,0.00,0,0,0
1652439793,0.051688,21.22,1.045000,22.45,0.049000,20.08,1.014875,23.40,21.67,100.03,99.51,2.275391,45.85,2.070312,209.57,0.00,0.00,0,0,0,0.00,0,0,0
1652439803,0.051703,21.23,1.045250,22.45,0.049047,20.10,1.015125,23.39,21.67,100.03,99.54,1.767578,35.64,1.679687,171.80,0.00,0.00,0,0,0,0.00,0,0,0
1652439813,0.051688,21.22,1.045250,22.45,0.049016,20.09,1.015125,23.39,21.67,100.04,99.53,2.504883,50.47,2.314453,233.17,0.00,0.00,0,0,0,0.00,0,0,0
1652439823,0.051688,21.22,1.045250,22.45,0.049031,20.10,1.015375,23.39,21.67,100.02,99.57,1.552734,31.32,1.435547,148.20,0.00,0.00,0,0,0,0.00,0,0,0
1652439833,0.051688,21.22,1.045250,22.45,0.049047,20.11,1.015250,23.39,21.67,100.02,99.57,2.250977,45.36,2.114258,213.81,0.00,0.00,0,0,0,0.00,0,0,0
1652439843,0.051703,21.23,1.045500,22.44,0.049047,20.10,1.015500,23.38,21.67,100.05,99.57,2.617187,52.72,2.426758,244.03,0.00,0.00,0,0,0,0.00,0,0,0
1652439854,0.051703,21.23,1.045375,22.44,0.049031,20.10,1.015375,23.39,21.68,100.03,99.62,2.602539,52.43,2.407227,242.14,0.00,0.00,0,0,0,0.00,0,0,0
1652439864,0.051703,21.23,1.045500,22.44,0.049031,20.10,1.015250,23.39,21.68,100.03,99.60,2.192383,44.18,1.977539,200.60,0.00,0.00,0,0,0,0.00,0,0,0
1652439874,0.051703,21.23,1.045250,22.45,0.049047,20.10,1.015250,23.39,21.68,100.03,99.62,1.557617,31.42,1.445312,149.14,0.00,0.00,0,0,0,0.00,0,0,0
1652439884,0.051703,21.23,1.045500,22.44,0.049016,20.09,1.015375,23.39,21.68,100.03,99.61,2.612305,52.63,2.416992,243.08,0.00,0.00,0,0,0,0.00,0,0,0
1652439894,0.051703,21.23,1.045375,22.44,0.049031,20.10,1.015500,23.38,21.67,100.03,99.58,2.031250,40.94,1.860352,189.27,0.00,0.00,0,0,0,0.00,0,0,0
1652439904,0.051688,21.22,1.045625,22.43,0.049016,20.09,1.015625,23.38,21.68,100.04,99.58,1.577148,31.82,1.455078,150.09,0.00,0.00,0,0,0,0.00,0,0,0
1652439914,0.051688,21.22,1.045875,22.43,0.049031,20.10,1.015375,23.39,21.68,100.04,99.65,2.045898,41.24,1.948242,197.76,0.00,0.00,0,0,0,0.00,0,0,0
1652439924,0.051688,21.22,1.046000,22.42,0.049047,20.11,1.015125,23.39,21.68,100.02,99.63,2.612305,52.63,2.421875,243.55,0.00,0.00,0,0,0,0.00,0,0,0
1652439934,0.051688,21.22,1.046250,22.41,0.049031,20.10,1.015250,23.39,21.68,100.02,99.67,2.158203,43.50,1.953125,198.24,0.00,0.00,0,0,0,0.00,0,0,0
1652439944,0.051672,21.22,1.046500,22.41,0.049016,20.09,1.015250,23.39,21.68,100.03,99.64,1.596680,32.21,1.484375,152.92,0.00,0.00,0,0,0,0.00,0,0,0
1652439954,0.051703,21.23,1.046500,22.41,0.049031,20.10,1.015000,23.40,21.67,100.03,99.64,2.602539,52.43,2.412109,242.61,0.00,0.00,0,0,0,0.00,0,0,0
1652439964,0.051703,21.23,1.046625,22.40,0.049016,20.09,1.015250,23.39,21.68,100.03,99.66,1.542969,31.13,1.425781,147.25,0.00,0.00,0,0,0,0.00,0,0,0
1652439974,0.051688,21.22,1.046625,22.40,0.049047,20.10,1.015375,23.39,21.68,100.05,99.67,1.909180,38.49,1.826172,185.96,0.00,0.00,0,0,0,0.00,0,0,0
1652439984,0.051703,21.23,1.046375,22.41,0.049047,20.10,1.014875,23.40,21.68,100.04,99.68,2.568359,51.74,2.377930,239.31,0.00,0.00,0,0,0,0.00,0,0,0
1652439994,0.051688,21.22,1.046625,22.40,0.049063,20.11,1.015000,23.40,21.67,100.03,99.65,1.582031,31.91,1.469727,151.50,0.00,0.00,0,0,0,0.00,0,0,0
1652440004,0.051688,21.22,1.046500,22.41,0.049047,20.10,1.015000,23.40,21.68,100.04,99.66,2.626953,52.92,2.421875,243.55,0.00,0.00,0,0,0,0.00,0,0,0
1652440014,0.051672,21.22,1.046125,22.42,0.049047,20.10,1.015000,23.40,21.67,100.03,99.70,2.500000,50.37,2.319336,233.64,0.00,0.00,0,0,0,0.00,0,0,0
1652440024,0.051703,21.23,1.046375,22.41,0.049047,20.11,1.015125,23.39,21.68,100.03,99.68,2.260742,45.56,2.045898,207.21,0.00,0.00,0,0,0,0.00,0,0,0
1652440034,0.051688,21.22,1.046375,22.41,0.049031,20.10,1.015000,23.40,21.67,100.03,99.69,1.552734,31.32,1.430664,147.73,0.00,0.00,0,0,0,0.00,0,0,0
1652440044,0.051656,21.21,1.046250,22.41,0.049016,20.09,1.014875,23.40,21.67,100.03,99.72,1.938477,39.08,1.840820,187.38,0.00,0.00,0,0,0,0.00,0,0,0
1652440054,0.051688,21.22,1.046125,22.42,0.049016,20.09,1.014875,23.40,21.68,100.03,99.73,2.548828,51.35,2.363281,237.89,0.00,0.00,0,0,0,0.00,0,0,0
1652440064,0.051688,21.22,1.046250,22.41,0.049047,20.10,1.015000,23.40,21.67,100.03,99.70,1.586914,32.01,1.474609,151.97,0.00,0.00,0,0,0,0.00,0,0,0
1652440074,0.051688,21.22,1.046000,22.42,0.049047,20.10,1.014500,23.41,21.67,100.03,99.73,2.612305,52.63,2.421875,243.55,0.00,0.00,0,0,0,0.00,0,0,0
1652440084,0.051672,21.21,1.046000,22.42,0.049031,20.10,1.014750,23.41,21.67,100.04,99.76,2.031250,40.94,1.865234,189.74,0.00,0.00,0,0,0,0.00,0,0,0
1652440094,0.051672,21.21,1.045875,22.43,0.049063,20.11,1.014625,23.41,21.67,100.04,99.78,1.542969,31.13,1.430664,147.73,0.00,0.00,0,0,0,0.00,0,0,0
1652440104,0.051672,21.21,1.045750,22.43,0.049047,20.10,1.014500,23.41,21.67,100.04,99.90,2.104492,42.42,1.987305,201.54,0.00,0.00,0,0,0,0.00,0,0,0
1652440114,0.051688,21.22,1.045750,22.43,0.049047,20.10,1.014500,23.41,21.67,100.04,99.78,2.485352,50.07,2.265625,228.45,0.00,0.00,0,0,0,0.00,0,0,0
1652440124,0.051688,21.22,1.045750,22.43,0.049063,20.11,1.014625,23.41,21.67,100.04,99.76,2.041016,41.14,1.923828,195.40,0.00,0.00,0,0,0,0.00,0,0,0
1652440134,0.051688,21.22,1.045625,22.43,0.049047,20.10,1.014875,23.40,21.68,100.03,99.80,1.782227,35.94,1.635742,167.55,0.00,0.00,0,0,0,0.00,0,0,0
1652440144,0.051688,21.22,1.045375,22.44,0.049016,20.09,1.014625,23.41,21.68,100.03,99.73,2.016602,40.65,1.904297,193.52,0.00,0.00,0,0,0,0.00,0,0,0
1652440154,0.051688,21.22,1.045000,22.45,0.049047,20.11,1.014625,23.41,21.67,100.03,99.83,2.348633,47.32,2.124023,214.76,0.00,0.00,0,0,0,0.00,0,0,0
1652440164,0.051656,21.21,1.045250,22.45,0.049031,20.10,1.014875,23.40,21.68,100.03,99.96,1.596680,32.21,1.484375,152.92,0.00,0.00,0,0,0,0.00,0,0,0
1652440174,0.051672,21.22,1.045125,22.45,0.049047,20.10,1.014750,23.41,21.67,100.03,99.82,2.612305,52.63,2.421875,243.55,0.00,0.00,0,0,0,0.00,0,0,0
1652440184,0.051688,21.22,1.045250,22.45,0.049016,20.09,1.014750,23.41,21.67,100.04,99.95,1.840820,37.12,1.665039,170.38,0.00,0.00,0,0,0,0.00,0,0,0
1652440194,0.051625,21.19,1.045250,22.45,0.049031,20.10,1.014750,23.41,21.68,100.04,99.84,1.914062,38.59,1.811523,184.55,0.00,0.00,0,0,0,0.00,0,0,0
1652440204,0.051688,21.22,1.045250,22.45,0.049063,20.11,1.014750,23.41,21.68,100.04,99.80,1.953125,39.37,1.772461,180.77,0.00,0.00,0,0,0,0.00,0,0,0
1652440214,0.051703,21.23,1.045000,22.45,0.049063,20.11,1.014375,23.42,21.68,100.04,99.89,2.480469,49.97,2.314453,233.17,0.00,0.00,0,0,0,0.00,0,0,0
1652440224,0.051703,21.23,1.044750,22.46,0.049031,20.10,1.014250,23.42,21.68,100.04,99.96,2.529297,50.96,2.329102,234.58,0.00,0.00,0,0,0,0.00,0,0,0
1652440234,0.051672,21.21,1.044875,22.46,0.049031,20.10,1.014500,23.41,21.68,100.04,99.90,1.538086,31.03,1.416016,146.31,0.00,0.00,0,0,0,0.00,0,0,0
1652440244,0.051688,21.22,1.045000,22.45,0.049031,20.10,1.014500,23.41,21.68,100.03,99.92,2.016602,40.65,1.909180,193.99,0.00,0.00,0,0,0,0.00,0,0,0
1652440254,0.051688,21.22,1.045000,22.45,0.049047,20.10,1.014250,23.42,21.68,100.03,99.91,2.519531,50.76,2.333984,235.06,0.00,0.00,0,0,0,0.00,0,0,0
1652440264,0.051688,21.22,1.045000,22.45,0.049031,20.10,1.014250,23.42,21.68,100.03,99.97,1.542969,31.13,1.435547,148.20,0.00,0.00,0,0,0,0.00,0,0,0
1652440274,0.051688,21.22,1.045250,22.45,0.049047,20.10,1.014250,23.42,21.68,100.03,99.90,1.611328,32.50,1.499023,154.33,0.00,0.00,0,0,0,0.00,0,0,0
1652440284,0.051688,21.22,1.045000,22.45,0.049047,20.10,1.014000,23.43,21.68,100.04,99.86,2.500000,50.37,2.329102,234.58,0.00,0.00,0,0,0,0.00,0,0,0
1652440294,0.051688,21.22,1.045125,22.45,0.049047,20.10,1.014375,23.42,21.68,100.04,99.95,2.553711,51.45,2.363281,237.89,0.00,0.00,0,0,0,0.00,0,0,0
1652440304,0.051672,21.21,1.045125,22.45,0.049016,20.09,1.014375,23.42,21.69,100.05,99.93,1.547852,31.23,1.425781,147.25,0.00,0.00,0,0,0,0.00,0,0,0
1652440314,0.051672,21.21,1.044875,22.46,0.049031,20.09,1.014000,23.43,21.69,100.05,99.97,1.870117,37.70,1.782227,181.71,0.00,0.00,0,0,0,0.00,0,0,0
1652440324,0.051672,21.21,1.044500,22.47,0.049047,20.10,1.014250,23.42,21.69,100.05,99.81,2.622070,52.82,2.421875,243.55,0.00,0.00,0,0,0,0.00,0,0,0
1652440334,0.051656,21.21,1.044250,22.48,0.049047,20.10,1.014000,23.43,21.68,100.05,99.97,2.187500,44.09,1.987305,201.54,0.00,0.00,0,0,0,0.00,0,0,0
1652440344,0.051688,21.22,1.044625,22.46,0.049047,20.10,1.014250,23.42,21.69,100.05,99.92,1.596680,32.21,1.484375,152.92,0.00,0.00,0,0,0,0.00,0,0,0
1652440354,0.051703,21.23,1.044750,22.46,0.049047,20.10,1.014250,23.42,21.68,100.04,99.97,2.612305,52.63,2.412109,242.61,0.00,0.00,0,0,0,0.00,0,0,0
1652440364,0.051688,21.22,1.044875,22.46,0.049031,20.10,1.014125,23.43,21.68,100.04,100.00,2.260742,45.56,2.045898,207.21,0.00,0.00,0,0,0,0.00,0,0,0
1652440374,0.051688,21.22,1.045250,22.45,0.049047,20.10,1.014250,23.42,21.69,100.04,100.00,1.547852,31.23,1.440430,148.67,0.00,0.00,0,0,0,0.00,0,0,0
1652440384,0.051688,21.22,1.044875,22.46,0.049047,20.10,1.014250,23.42,21.69,100.04,99.99,2.070312,41.73,1.962891,199.18,0.00,0.00,0,0,0,0.00,0,0,0
1652440394,0.051688,21.22,1.044625,22.46,0.049031,20.10,1.014125,23.43,21.69,100.04,100.00,2.602539,52.43,2.421875,243.55,0.00,0.00,0,0,0,0.00,0,0,0
1652440404,0.051688,21.22,1.044500,22.47,0.049031,20.09,1.014125,23.43,21.69,100.05,100.00,1.899414,38.29,1.718750,175.58,0.00,0.00,0,0,0,0.00,0,0,0
1652440414,0.051688,21.22,1.044500,22.47,0.049047,20.10,1.014125,23.43,21.69,100.05,99.92,1.909180,38.49,1.811523,184.55,0.00,0.00,0,0,0,0.00,0,0,0
1652440424,0.051688,21.22,1.044000,22.48,0.049047,20.10,1.014000,23.43,21.69,100.05,100.00,2.587891,52.13,2.392578,240.72,0.00,0.00,0,0,0,0.00,0,0,0
1652440434,0.051688,21.22,1.044000,22.48,0.049016,20.09,1.014125,23.43,21.69,100.05,100.00,2.304687,46.44,2.094727,211.93,0.00,0.00,0,0,0,0.00,0,0,0
1652440444,0.051672,21.21,1.043875,22.49,0.049047,20.10,1.014250,23.42,21.70,100.05,100.00,1.645508,33.19,1.499023,154.33,0.00,0.00,0,0,0,0.00,0,0,0
1652440454,0.051672,21.21,1.043625,22.50,0.049047,20.10,1.014125,23.43,21.69,100.05,100.00,1.660156,33.48,1.538086,158.11,0.00,0.00,0,0,0,0.00,0,0,0
1652440464,0.051703,21.23,1.043750,22.49,0.049016,20.09,1.014250,23.42,21.70,100.05,100.00,2.602539,52.43,2.407227,242.14,0.00,0.00,0,0,0,0.00,0,0,0
1652440474,0.051672,21.21,1.043750,22.49,0.049016,20.09,1.014125,23.43,21.70,100.04,100.00,1.655273,33.39,1.528320,157.17,0.00,0.00,0,0,0,0.00,0,0,0
1652440484,0.051656,21.21,1.043875,22.49,0.049000,20.08,1.014125,23.43,21.70,100.04,100.00,1.831055,36.92,1.743164,177.94,0.00,0.00,0,0,0,0.00,0,0,0
1652440494,0.051688,21.22,1.043875,22.49,0.049047,20.10,1.014000,23.43,21.70,100.04,99.91,2.617187,52.72,2.421875,243.55,0.00,0.00,0,0,0,0.00,0,0,0
1652440504,0.051688,21.22,1.043875,22.49,0.049047,20.10,1.014000,23.43,21.70,100.04,100.00,2.558594,51.55,2.368164,238.36,0.00,0.00,0,0,0,0.00,0,0,0
1652440514,0.051688,21.22,1.043750,22.49,0.049031,20.10,1.014375,23.42,21.69,100.04,100.00,2.187500,44.09,1.967773,199.65,0.00,0.00,0,0,0,0.00,0,0,0
1652440524,0.051656,21.20,1.044000,22.48,0.049031,20.09,1.014125,23.43,21.71,100.05,100.00,1.557617,31.42,1.430664,147.73,0.00,0.00,0,0,0,0.00,0,0,0
1652440534,0.051688,21.22,1.043750,22.49,0.049031,20.09,1.014250,23.42,21.70,100.05,100.00,1.845703,37.21,1.752930,178.88,0.00,0.00,0,0,0,0.00,0,0,0
1652440544,0.051672,21.21,1.043625,22.50,0.049000,20.08,1.014125,23.43,21.70,100.05,100.00,2.612305,52.63,2.412109,242.61,0.00,0.00,0,0,0,0.00,0,0,0
1652440554,0.051688,21.22,1.043500,22.50,0.049031,20.09,1.014000,23.43,21.70,100.05,100.00,1.997070,40.26,1.811523,184.55,0.00,0.00,0,0,0,0.00,0,0,0
1652440564,0.051688,21.22,1.043500,22.50,0.049031,20.09,1.014000,23.43,21.70,100.05,100.00,1.567383,31.62,1.459961,150.56,0.00,0.00,0,0,0,0.00,0,0,0
1652440574,0.051688,21.22,1.043375,22.50,0.049031,20.09,1.013875,23.43,21.70,100.05,100.00,2.397461,48.31,2.241211,226.09,0.00,0.00,0,0,0,0.00,0,0,0
1652440584,0.051688,21.22,1.042875,22.52,0.049031,20.09,1.013750,23.44,21.70,100.05,100.00,1.679687,33.88,1.547852,159.05,0.00,0.00,0,0,0,0.00,0,0,0
1652440594,0.051688,21.22,1.043000,22.52,0.049047,20.10,1.013750,23.44,21.70,100.04,100.00,2.421875,48.80,2.265625,228.45,0.00,0.00,0,0,0,0.00,0,0,0
1652440604,0.051688,21.22,1.042875,22.52,0.049000,20.08,1.013625,23.44,21.71,100.04,100.00,1.997070,40.26,1.840820,187.38,0.00,0.00,0,0,0,0.00,0,0,0
1652440614,0.051688,21.22,1.042750,22.52,0.049031,20.10,1.013625,23.44,21.70,100.04,100.00,1.772461,35.74,1.679687,171.80,0.00,0.00,0,0,0,0.00,0,0,0
1652440624,0.051688,21.22,1.043125,22.51,0.049000,20.08,1.013750,23.44,21.70,100.04,100.00,2.617187,52.72,2.421875,243.55,0.00,0.00,0,0,0,0.00,0,0,0
1652440634,0.051688,21.22,1.043250,22.51,0.049016,20.09,1.013750,23.44,21.70,100.05,100.00,1.582031,31.91,1.450195,149.61,0.00,0.00,0,0,0,0.00,0,0,0
1652440644,0.051688,21.22,1.043500,22.50,0.049031,20.09,1.013625,23.44,21.71,100.05,100.00,2.500000,50.37,2.324219,234.11,0.00,0.00,0,0,0,0.00,0,0,0
1652440654,0.051688,21.22,1.043250,22.51,0.049031,20.09,1.013625,23.44,21.71,100.06,100.00,1.562500,31.52,1.440430,148.67,0.00,0.00,0,0,0,0.00,0,0,0
1652440664,0.051703,21.22,1.043750,22.49,0.049031,20.09,1.013875,23.43,21.71,100.05,100.00,2.607422,52.53,2.421875,243.55,0.00,0.00,0,0,0,0.00,0,0,0
1652440674,0.051688,21.22,1.043250,22.51,0.049031,20.09,1.013625,23.44,21.71,100.05,100.00,1.665039,33.58,1.523437,156.69,0.00,0.00,0,0,0,0.00,0,0,0
1652440684,0.051688,21.22,1.043250,22.51,0.049031,20.09,1.013750,23.44,21.71,100.05,100.00,1.748047,35.25,1.655273,169.44,0.00,0.00,0,0,0,0.00,0,0,0
1652440694,0.051688,21.22,1.043500,22.50,0.049016,20.09,1.013625,23.44,21.71,100.04,100.00,2.436523,49.09,2.280273,229.86,0.00,0.00,0,0,0,0.00,0,0,0
1652440704,0.051688,21.22,1.043375,22.50,0.049031,20.10,1.013625,23.44,21.71,100.04,100.00,2.509766,50.56,2.324219,234.11,0.00,0.00,0,0,0,0.00,0,0,0
1652440714,0.051688,21.22,1.043250,22.51,0.049031,20.10,1.013875,23.43,21.71,100.04,100.00,1.665039,33.58,1.547852,159.05,0.00,0.00,0,0,0,0.00,0,0,0
1652440724,0.051688,21.22,1.043500,22.50,0.049031,20.09,1.013875,23.43,21.71,100.04,100.00,1.958008,39.47,1.772461,180.77,0.00,0.00,0,0,0,0.00,0,0,0
1652440734,0.051688,21.22,1.043500,22.50,0.049000,20.08,1.013750,23.44,21.71,100.05,100.00,2.612305,52.63,2.421875,243.55,0.00,0.00,0,0,0,0.00,0,0,0
1652440744,0.051672,21.21,1.043500,22.50,0.049016,20.09,1.013875,23.43,21.71,100.05,100.00,1.542969,31.13,1.430664,147.73,0.00,0.00,0,0,0,0.00,0,0,0
1652440754,0.051672,21.21,1.043375,22.50,0.049031,20.09,1.013750,23.44,21.71,100.05,100.00,2.563477,51.64,2.392578,240.72,0.00,0.00,0,0,0,0.00,0,0,0
1652440764,0.051672,21.21,1.043250,22.51,0.049000,20.08,1.013875,23.43,21.71,100.05,100.00,1.777344,35.84,1.621094,166.14,0.00,0.00,0,0,0,0.00,0,0,0
1652440774,0.051688,21.22,1.043375,22.50,0.049016,20.09,1.014000,23.43,21.71,100.06,100.00,1.684570,33.97,1.586914,162.83,0.00,0.00,0,0,0,0.00,0,0,0
1652440784,0.051672,21.21,1.043000,22.52,0.049000,20.08,1.013625,23.44,21.71,100.06,100.00,2.504883,50.47,2.319336,233.64,0.00,0.00,0,0,0,0.00,0,0,0
1652440794,0.051688,21.22,1.043000,22.52,0.049031,20.09,1.014000,23.43,21.72,100.06,100.00,1.542969,31.13,1.430664,147.73,0.00,0.00,0,0,0,0.00,0,0,0
1652440804,0.051688,21.22,1.042750,22.52,0.049047,20.10,1.013500,23.45,21.71,100.05,100.00,1.889648,38.10,1.796875,183.13,0.00,0.00,0,0,0,0.00,0,0,0
1652440814,0.051688,21.22,1.042750,22.52,0.049016,20.09,1.013625,23.44,21.71,100.05,100.00,2.426758,48.90,2.211914,223.26,0.00,0.00,0,0,0,0.00,0,0,0
1652440824,0.051688,21.22,1.042875,22.52,0.049031,20.09,1.013625,23.44,21.72,100.05,100.00,1.660156,33.48,1.542969,158.58,0.00,0.00,0,0,0,0.00,0,0,0
1652440834,0.051688,21.22,1.042625,22.53,0.049016,20.09,1.013625,23.44,21.71,100.05,100.00,2.490234,50.17,2.275391,229.39,0.00,0.00,0,0,0,0.00,0,0,0
1652440844,0.051672,21.21,1.042750,22.52,0.049016,20.09,1.013875,23.43,21.72,100.05,100.00,1.582031,31.91,1.469727,151.50,0.00,0.00,0,0,0,0.00,0,0,0
1652440854,0.051688,21.22,1.042750,22.52,0.049016,20.09,1.013750,23.44,21.72,100.05,100.00,2.612305,52.63,2.416992,243.08,0.00,0.00,0,0,0,0.00,0,0,0
1652440864,0.051656,21.20,1.042875,22.52,0.049031,20.09,1.013875,23.43,21.72,100.06,100.00,2.524414,50.86,2.329102,234.58,0.00,0.00,0,0,0,0.00,0,0,0
1652440874,0.051672,21.21,1.043000,22.52,0.049000,20.08,1.013875,23.43,21.71,100.06,100.00,1.567383,31.62,1.430664,147.73,0.00,0.00,0,0,0,0.00,0,0,0
1652440884,0.051672,21.21,1.043000,22.52,0.049016,20.09,1.014000,23.43,21.71,100.05,100.00,2.592773,52.23,2.416992,243.08,0.00,0.00,0,0,0,0.00,0,0,0
1652440894,0.051672,21.21,1.043000,22.52,0.049031,20.09,1.014125,23.43,21.71,100.06,100.00,1.542969,31.13,1.420898,146.78,0.00,0.00,0,0,0,0.00,0,0,0
1652440904,0.051672,21.21,1.043250,22.51,0.049031,20.09,1.014000,23.43,21.71,100.05,100.00,2.602539,52.43,2.421875,243.55,0.00,0.00,0,0,0,0.00,0,0,0
1652440914,0.051688,21.22,1.043375,22.50,0.049016,20.09,1.014000,23.43,21.71,100.05,100.00,1.728516,34.86,1.577148,161.89,0.00,0.00,0,0,0,0.00,0,0,0
1652440924,0.051688,21.22,1.043125,22.51,0.049031,20.09,1.013750,23.44,21.71,100.05,100.00,1.582031,31.91,1.469727,151.50,0.00,0.00,0,0,0,0.00,0,0,0
1652440934,0.051688,21.22,1.043250,22.51,0.049031,20.10,1.014000,23.43,21.71,100.04,100.00,2.534180,51.05,2.363281,237.89,0.00,0.00,0,0,0,0.00,0,0,0
1652440944,0.051672,21.21,1.042875,22.52,0.049000,20.08,1.013875,23.43,21.72,100.04,100.00,2.397461,48.31,2.187500,220.89,0.00,0.00,0,0,0,0.00,0,0,0
1652440954,0.051672,21.21,1.042750,22.52,0.048984,20.07,1.013875,23.43,21.72,100.05,100.00,1.572266,31.72,1.469727,151.50,0.00,0.00,0,0,0,0.00,0,0,0
1652440964,0.051672,21.21,1.042500,22.53,0.049000,20.08,1.013875,23.43,21.71,100.05,100.00,2.275391,45.85,2.143555,216.65,0.00,0.00,0,0,0,0.00,0,0,0
1652440974,0.051672,21.21,1.042625,22.53,0.049016,20.09,1.014125,23.43,21.72,100.05,100.00,2.612305,52.63,2.421875,243.55,0.00,0.00,0,0,0,0.00,0,0,0
1652440984,0.051672,21.21,1.042625,22.53,0.049000,20.08,1.014375,23.42,21.71,100.05,100.00,2.363281,47.62,2.158203,218.06,0.00,0.00,0,0,0,0.00,0,0,0
1652440994,0.051672,21.21,1.042500,22.53,0.049031,20.09,1.014250,23.42,21.72,100.05,100.00,1.538086,31.03,1.430664,147.73,0.00,0.00,0,0,0,0.00,0,0,0
1652441004,0.051672,21.21,1.042375,22.53,0.049031,20.09,1.014125,23.43,21.71,100.05,100.00,1.679687,33.88,1.582031,162.36,0.00,0.00,0,0,0,0.00,0,0,0
1652441014,0.051688,21.22,1.042250,22.54,0.049000,20.08,1.014250,23.42,21.71,100.05,100.00,2.543945,51.25,2.377930,239.31,0.00,0.00,0,0,0,0.00,0,0,0
1652441024,0.051672,21.21,1.042000,22.55,0.049016,20.09,1.014125,23.43,21.72,100.05,100.00,2.583008,52.04,2.392578,240.72,0.00,0.00,0,0,0,0.00,0,0,0
1652441034,0.051672,21.21,1.042125,22.54,0.049016,20.09,1.014250,23.42,21.71,100.05,100.00,1.567383,31.62,1.445312,149.14,0.00,0.00,0,0,0,0.00,0,0,0
1652441044,0.051688,21.22,1.042375,22.53,0.049000,20.08,1.014250,23.42,21.72,100.04,100.00,2.416992,48.70,2.265625,228.45,0.00,0.00,0,0,0,0.00,0,0,0
1652441054,0.051656,21.21,1.042250,22.54,0.049031,20.10,1.014125,23.43,21.72,100.04,100.00,1.894531,38.20,1.723633,176.05,0.00,0.00,0,0,0,0.00,0,0,0
1652441064,0.051672,21.21,1.042625,22.53,0.049000,20.08,1.014375,23.42,21.72,100.04,100.00,1.572266,31.72,1.455078,150.09,0.00,0.00,0,0,0,0.00,0,0,0
1652441074,0.051672,21.21,1.042375,22.53,0.049016,20.09,1.014000,23.43,21.72,100.05,100.00,1.796875,36.23,1.708984,174.63,0.00,0.00,0,0,0,0.00,0,0,0
1652441084,0.051672,21.21,1.042375,22.53,0.048984,20.07,1.014250,23.42,21.72,100.05,100.00,2.568359,51.74,2.368164,238.36,0.00,0.00,0,0,0,0.00,0,0,0
1652441094,0.051656,21.20,1.042375,22.53,0.049000,20.08,1.014250,23.42,21.72,100.05,100.00,1.557617,31.42,1.440430,148.67,0.00,0.00,0,0,0,0.00,0,0,0
1652441104,0.051688,21.22,1.042375,22.53,0.049000,20.08,1.014375,23.42,21.72,100.05,100.00,2.617187,52.72,2.421875,243.55,0.00,0.00,0,0,0,0.00,0,0,0
1652441114,0.051672,21.21,1.042125,22.54,0.049000,20.08,1.014500,23.41,21.72,100.05,100.00,1.630859,32.89,1.508789,155.28,0.00,0.00,0,0,0,0.00,0,0,0
1652441124,0.051688,21.22,1.041875,22.55,0.049000,20.08,1.014250,23.42,21.72,100.05,100.00,1.835937,37.02,1.757812,179.35,0.00,0.00,0,0,0,0.00,0,0,0
1652441134,0.051672,21.21,1.041625,22.56,0.049000,20.08,1.014125,23.43,21.72,100.05,100.00,2.509766,50.56,2.319336,233.64,0.00,0.00,0,0,0,0.00,0,0,0
1652441144,0.051672,21.21,1.041625,22.56,0.049000,20.08,1.014250,23.42,21.72,100.05,100.00,1.601562,32.31,1.484375,152.92,0.00,0.00,0,0,0,0.00,0,0,0
1652441154,0.051672,21.21,1.041625,22.56,0.049000,20.08,1.014625,23.41,21.72,100.04,100.00,2.583008,52.04,2.387695,240.25,0.00,0.00,0,0,0,0.00,0,0,0
1652441164,0.051672,21.21,1.041250,22.57,0.049000,20.08,1.014250,23.42,21.72,100.04,100.00,1.547852,31.23,1.435547,148.20,0.00,0.00,0,0,0,0.00,0,0,0
1652441174,0.051672,21.21,1.041250,22.57,0.049016,20.09,1.014250,23.42,21.72,100.04,100.00,1.645508,33.19,1.528320,157.17,0.00,0.00,0,0,0,0.00,0,0,0
1652441184,0.051672,21.21,1.041500,22.56,0.049016,20.09,1.014250,23.42,21.72,100.04,100.00,2.622070,52.82,2.421875,243.55,0.00,0.00,0,0,0,0.00,0,0,0
1652441194,0.051672,21.21,1.042125,22.54,0.049016,20.09,1.014625,23.41,21.72,100.05,100.00,1.552734,31.32,1.450195,149.61,0.00,0.00,0,0,0,0.00,0,0,0
1652441204,0.051672,21.21,1.042125,22.54,0.049016,20.09,1.014375,23.42,21.72,100.05,100.00,2.553711,51.45,2.368164,238.36,0.00,0.00,0,0,0,0.00,0,0,0
1652441214,0.051672,21.21,1.042375,22.53,0.049016,20.09,1.014500,23.41,21.72,100.05,100.00,1.542969,31.13,1.425781,147.25,0.00,0.00,0,0,0,0.00,0,0,0
1652441224,0.051656,21.20,1.042500,22.53,0.049000,20.08,1.014750,23.41,21.72,100.05,100.00,1.635742,32.99,1.518555,156.22,0.00,0.00,0,0,0,0.00,0,0,0
1652441234,0.051688,21.22,1.042625,22.53,0.049000,20.08,1.014375,23.42,21.72,100.05,100.00,2.622070,52.82,2.416992,243.08,0.00,0.00,0,0,0,0.00,0,0,0
1652441244,0.051641,21.20,1.042375,22.53,0.049000,20.08,1.014500,23.41,21.71,100.05,100.00,2.026367,40.85,1.865234,189.74,0.00,0.00,0,0,0,0.00,0,0,0
1652441254,0.051672,21.21,1.042500,22.53,0.049000,20.08,1.014625,23.41,21.72,100.05,100.00,1.611328,32.50,1.494141,153.86,0.00,0.00,0,0,0,0.00,0,0,0
1652441264,0.051672,21.21,1.042375,22.53,0.048984,20.07,1.014375,23.42,21.71,100.05,100.00,2.626953,52.92,2.421875,243.55,0.00,0.00,0,0,0,0.00,0,0,0
1652441274,0.051672,21.21,1.042375,22.53,0.049000,20.08,1.014375,23.42,21.71,100.05,100.00,2.392578,48.21,2.163086,218.53,0.00,0.00,0,0,0,0.00,0,0,0
1652441284,0.051656,21.21,1.042375,22.53,0.048984,20.07,1.014625,23.41,21.72,100.05,100.00,1.547852,31.23,1.435547,148.20,0.00,0.00,0,0,0,0.00,0,0,0
1652441294,0.051656,21.21,1.042000,22.55,0.048984,20.07,1.014250,23.42,21.71,100.05,100.00,2.138672,43.10,1.997070,202.48,0.00,0.00,0,0,0,0.00,0,0,0
1652441304,0.051656,21.20,1.041875,22.55,0.049000,20.08,1.014250,23.42,21.71,100.05,100.00,2.187500,44.09,1.977539,200.60,0.00,0.00,0,0,0,0.00,0,0,0
1652441314,0.051656,21.20,1.042125,22.54,0.048984,20.07,1.014625,23.41,21.71,100.05,100.00,2.363281,47.62,2.226562,224.67,0.00,0.00,0,0,0,0.00,0,0,0
1652441324,0.051656,21.20,1.042250,22.54,0.048984,20.07,1.014750,23.41,21.71,100.06,100.00,1.787109,36.04,1.625977,166.61,0.00,0.00,0,0,0,0.00,0,0,0
1652441334,0.051672,21.21,1.042125,22.54,0.048984,20.07,1.014750,23.41,21.71,100.06,100.00,2.587891,52.13,2.412109,242.61,0.00,0.00,0,0,0,0.00,0,0,0
1652441344,0.051656,21.20,1.041750,22.55,0.049000,20.08,1.014625,23.41,21.71,100.06,100.00,1.547852,31.23,1.435547,148.20,0.00,0.00,0,0,0,0.00,0,0,0
1652441354,0.051672,21.21,1.041875,22.55,0.048984,20.07,1.014750,23.41,21.71,100.05,100.00,2.587891,52.13,2.397461,241.19,0.00,0.00,0,0,0,0.00,0,0,0
1652441364,0.051656,21.20,1.041625,22.56,0.049000,20.08,1.014500,23.41,21.71,100.05,100.00,1.601562,32.31,1.479492,152.45,0.00,0.00,0,0,0,0.00,0,0,0
1652441374,0.051625,21.19,1.041250,22.57,0.049000,20.08,1.014250,23.42,21.71,100.05,100.00,2.607422,52.53,2.421875,243.55,0.00,0.00,0,0,0,0.00,0,0,0
1652441384,0.051672,21.21,1.041875,22.55,0.048984,20.07,1.014500,23.41,21.71,100.05,100.00,1.547852,31.23,1.420898,146.78,0.00,0.00,0,0,0,0.00,0,0,0
1652441394,0.051672,21.21,1.041875,22.55,0.049016,20.09,1.014500,23.41,21.71,100.05,100.00,2.626953,52.92,2.421875,243.55,0.00,0.00,0,0,0,0.00,0,0,0
1652441404,0.051656,21.20,1.041625,22.56,0.048969,20.07,1.014125,23.43,21.71,100.05,100.00,1.547852,31.23,1.425781,147.25,0.00,0.00,0,0,0,0.00,0,0,0
1652441414,0.051656,21.20,1.041750,22.55,0.049000,20.08,1.014375,23.42,21.70,100.05,100.00,2.612305,52.63,2.426758,244.03,0.00,0.00,0,0,0,0.00,0,0,0
1652441424,0.051656,21.20,1.041875,22.55,0.048984,20.07,1.014375,23.42,21.71,100.06,100.00,1.572266,31.72,1.450195,149.61,0.00,0.00,0,0,0,0.00,0,0,0
1652441434,0.051656,21.20,1.041875,22.55,0.048969,20.07,1.014125,23.43,21.70,100.06,100.00,2.607422,52.53,2.412109,242.61,0.00,0.00,0,0,0,0.00,0,0,0
1652441444,0.051641,21.20,1.041875,22.55,0.048984,20.07,1.014375,23.42,21.71,100.06,100.00,1.557617,31.42,1.430664,147.73,0.00,0.00,0,0,0,0.00,0,0,0
1652441454,0.051672,21.21,1.042125,22.54,0.049016,20.09,1.014500,23.41,21.70,100.06,100.00,2.543945,51.25,2.368164,238.36,0.00,0.00,0,0,0,0.00,0,0,0
1652441464,0.051641,21.20,1.042000,22.55,0.049000,20.08,1.014500,23.41,21.70,100.05,100.00,2.470703,49.78,2.260742,227.98,0.00,0.00,0,0,0,0.00,0,0,0
1652441474,0.051641,21.20,1.042000,22.55,0.048969,20.07,1.014500,23.41,21.70,100.05,100.00,1.547852,31.23,1.430664,147.73,0.00,0.00,0,0,0,0.00,0,0,0
1652441484,0.051672,21.21,1.041875,22.55,0.049000,20.08,1.014500,23.41,21.71,100.05,100.00,2.021484,40.75,1.918945,194.93,0.00,0.00,0,0,0,0.00,0,0,0
1652441494,0.051641,21.20,1.041500,22.56,0.048984,20.07,1.014000,23.43,21.70,100.05,100.00,2.241211,45.17,2.031250,205.79,0.00,0.00,0,0,0,0.00,0,0,0
1652441504,0.051656,21.20,1.042125,22.54,0.049000,20.08,1.014250,23.42,21.71,100.05,100.00,2.524414,50.86,2.363281,237.89,0.00,0.00,0,0,0,0.00,0,0,0
1652441514,0.051656,21.20,1.042375,22.53,0.048969,20.07,1.014250,23.42,21.70,100.05,100.00,1.557617,31.42,1.445312,149.14,0.00,0.00,0,0,0,0.00,0,0,0
1652441524,0.051656,21.20,1.042500,22.53,0.048984,20.07,1.014500,23.41,21.70,100.05,100.00,2.612305,52.63,2.421875,243.55,0.00,0.00,0,0,0,0.00,0,0,0
1652441534,0.051656,21.20,1.042375,22.53,0.049000,20.08,1.014375,23.42,21.69,100.05,100.00,1.586914,32.01,1.479492,152.45,0.00,0.00,0,0,0,0.00,0,0,0
1652441544,0.051656,21.20,1.042500,22.53,0.049000,20.08,1.014500,23.41,21.70,100.06,100.00,2.612305,52.63,2.407227,242.14,0.00,0.00,0,0,0,0.00,0,0,0
1652441554,0.051625,21.19,1.042625,22.53,0.048984,20.07,1.014750,23.41,21.69,100.06,100.00,1.572266,31.72,1.464844,151.03,0.00,0.00,0,0,0,0.00,0,0,0
1652441564,0.051672,21.21,1.042500,22.53,0.049000,20.08,1.014625,23.41,21.69,100.06,100.00,2.587891,52.13,2.397461,241.19,0.00,0.00,0,0,0,0.00,0,0,0
1652441574,0.051656,21.20,1.042375,22.53,0.049000,20.08,1.014750,23.41,21.69,100.05,100.00,1.601562,32.31,1.484375,152.92,0.00,0.00,0,0,0,0.00,0,0,0
1652441584,0.051656,21.20,1.042125,22.54,0.049016,20.09,1.014625,23.41,21.69,100.05,100.00,2.558594,51.55,2.373047,238.83,0.00,0.00,0,0,0,0.00,0,0,0
1652441594,0.051656,21.21,1.042125,22.54,0.049016,20.09,1.014625,23.41,21.69,100.04,100.00,1.591797,32.11,1.484375,152.92,0.00,0.00,0,0,0,0.00,0,0,0
1652441605,0.051656,21.21,1.042250,22.54,0.048969,20.07,1.014625,23.41,21.69,100.04,100.00,2.338867,47.13,2.109375,213.34,0.00,0.00,0,0,0,0.00,0,0,0
1652441615,0.051656,21.21,1.042000,22.55,0.049000,20.08,1.014625,23.41,21.69,100.04,100.00,2.329102,46.93,2.187500,220.89,0.00,0.00,0,0,0,0.00,0,0,0
1652441625,0.051641,21.20,1.042000,22.55,0.048984,20.08,1.014875,23.40,21.69,100.04,100.00,2.202148,44.38,1.987305,201.54,0.00,0.00,0,0,0,0.00,0,0,0
1652441635,0.051656,21.20,1.042000,22.55,0.048984,20.07,1.014875,23.40,21.69,100.05,100.00,1.650391,33.29,1.533203,157.64,0.00,0.00,0,0,0,0.00,0,0,0
1652441645,0.051656,21.20,1.042250,22.54,0.049000,20.08,1.015125,23.39,21.68,100.05,100.00,2.607422,52.53,2.412109,242.61,0.00,0.00,0,0,0,0.00,0,0,0
1652441655,0.051641,21.20,1.042125,22.54,0.048984,20.07,1.014750,23.41,21.68,100.05,100.00,1.572266,31.72,1.445312,149.14,0.00,0.00,0,0,0,0.00,0,0,0
1652441665,0.051656,21.20,1.042500,22.53,0.049000,20.08,1.015000,23.40,21.68,100.05,100.00,2.563477,51.64,2.373047,238.83,0.00,0.00,0,0,0,0.00,0,0,0
1652441675,0.051641,21.20,1.042250,22.54,0.048984,20.07,1.015000,23.40,21.68,100.05,100.00,1.611328,32.50,1.503906,154.81,0.00,0.00,0,0,0,0.00,0,0,0
1652441685,0.051656,21.20,1.042250,22.54,0.048969,20.07,1.015125,23.39,21.68,100.05,100.00,2.558594,51.55,2.368164,238.36,0.00,0.00,0,0,0,0.00,0,0,0
1652441695,0.051656,21.20,1.042125,22.54,0.048984,20.07,1.015125,23.39,21.68,100.05,100.00,1.557617,31.42,1.450195,149.61,0.00,0.00,0,0,0,0.00,0,0,0
1652441705,0.051672,21.21,1.042000,22.55,0.049000,20.08,1.015000,23.40,21.68,100.05,100.00,2.514648,50.66,2.338867,235.53,0.00,0.00,0,0,0,0.00,0,0,0
1652441715,0.051656,21.21,1.042000,22.55,0.049000,20.08,1.015500,23.38,21.67,100.04,100.00,1.762695,35.55,1.611328,165.19,0.00,0.00,0,0,0,0.00,0,0,0
1652441725,0.051672,21.21,1.041750,22.55,0.049016,20.09,1.015500,23.38,21.67,100.04,100.00,2.480469,49.97,2.324219,234.11,0.00,0.00,0,0,0,0.00,0,0,0
1652441735,0.051656,21.21,1.041875,22.55,0.049000,20.08,1.015625,23.38,21.67,100.04,100.00,1.562500,31.52,1.440430,148.67,0.00,0.00,0,0,0,0.00,0,0,0
1652441745,0.051656,21.21,1.041875,22.55,0.048984,20.08,1.015500,23.38,21.67,100.05,100.00,2.568359,51.74,2.377930,239.31,0.00,0.00,0,0,0,0.00,0,0,0
1652441755,0.051656,21.20,1.042000,22.55,0.048969,20.07,1.015750,23.37,21.67,100.05,100.00,1.772461,35.74,1.679687,171.80,0.00,0.00,0,0,0,0.00,0,0,0
1652441765,0.051656,21.20,1.042000,22.55,0.048969,20.07,1.015625,23.38,21.67,100.05,100.00,2.197266,44.28,1.992187,202.01,0.00,0.00,0,0,0,0.00,0,0,0
1652441775,0.051656,21.20,1.042125,22.54,0.048984,20.07,1.015875,23.37,21.67,100.05,100.00,1.762695,35.55,1.665039,170.38,0.00,0.00,0,0,0,0.00,0,0,0
1652441785,0.051672,21.21,1.042125,22.54,0.048984,20.07,1.016000,23.37,21.67,100.05,100.00,2.011719,40.55,1.845703,187.85,0.00,0.00,0,0,0,0.00,0,0,0
1652441795,0.051672,21.21,1.042000,22.55,0.049000,20.08,1.016000,23.37,21.67,100.05,100.00,2.392578,48.21,2.236328,225.62,0.00,0.00,0,0,0,0.00,0,0,0
1652441805,0.051656,21.20,1.042125,22.54,0.048984,20.07,1.016375,23.35,21.67,100.05,100.00,1.630859,32.89,1.508789,155.28,0.00,0.00,0,0,0,0.00,0,0,0
1652441815,0.051688,21.22,1.041875,22.55,0.049000,20.08,1.016000,23.37,21.67,100.05,100.00,2.519531,50.76,2.348633,236.47,0.00,0.00,0,0,0,0.00,0,0,0
1652441825,0.051656,21.21,1.042125,22.54,0.049000,20.08,1.016625,23.35,21.67,100.04,100.00,2.016602,40.65,1.860352,189.27,0.00,0.00,0,0,0,0.00,0,0,0
1652441835,0.051672,21.21,1.042000,22.55,0.049000,20.08,1.016500,23.35,21.67,100.04,100.00,2.416992,48.70,2.260742,227.98,0.00,0.00,0,0,0,0.00,0,0,0
1652441845,0.051672,21.21,1.042000,22.55,0.048984,20.08,1.016500,23.35,21.66,100.04,100.00,1.650391,33.29,1.513672,155.75,0.00,0.00,0,0,0,0.00,0,0,0
1652441855,0.051656,21.21,1.041875,22.55,0.048953,20.06,1.016250,23.36,21.66,100.04,100.00,2.607422,52.53,2.412109,242.61,0.00,0.00,0,0,0,0.00,0,0,0
1652441865,0.051672,21.21,1.042125,22.54,0.048984,20.07,1.016375,23.35,21.67,100.05,100.00,1.640625,33.09,1.528320,157.17,0.00,0.00,0,0,0,0.00,0,0,0
1652441875,0.051688,21.22,1.042250,22.54,0.048984,20.07,1.016375,23.35,21.66,100.05,100.00,2.543945,51.25,2.353516,236.95,0.00,0.00,0,0,0,0.00,0,0,0
1652441885,0.051688,21.22,1.042375,22.53,0.049000,20.08,1.016625,23.35,21.66,100.05,100.00,1.616211,32.60,1.503906,154.81,0.00,0.00,0,0,0,0.00,0,0,0
1652441895,0.051688,21.22,1.042000,22.55,0.048984,20.07,1.016500,23.35,21.66,100.05,100.00,2.612305,52.63,2.421875,243.55,0.00,0.00,0,0,0,0.00,0,0,0
1652441905,0.051688,21.22,1.042250,22.54,0.049000,20.08,1.016750,23.34,21.66,100.05,100.00,1.752930,35.35,1.606445,164.72,0.00,0.00,0,0,0,0.00,0,0,0
1652441915,0.051688,21.22,1.042125,22.54,0.048984,20.07,1.016500,23.35,21.66,100.05,100.00,2.412109,48.60,2.246094,226.56,0.00,0.00,0,0,0,0.00,0,0,0
1652441925,0.051688,21.22,1.042125,22.54,0.049000,20.08,1.016375,23.35,21.66,100.05,100.00,1.699219,34.27,1.547852,159.05,0.00,0.00,0,0,0,0.00,0,0,0
1652441935,0.051688,21.22,1.042125,22.54,0.049000,20.08,1.016500,23.35,21.66,100.04,100.00,2.612305,52.63,2.431641,244.50,0.00,0.00,0,0,0,0.00,0,0,0
1652441945,0.051688,21.22,1.042375,22.53,0.049000,20.08,1.016375,23.35,21.65,100.04,100.00,1.557617,31.42,1.445312,149.14,0.00,0.00,0,0,0,0.00,0,0,0
1652441955,0.051688,21.22,1.042250,22.54,0.049000,20.08,1.016375,23.35,21.65,100.04,100.00,2.617187,52.72,2.426758,244.03,0.00,0.00,0,0,0,0.00,0,0,0
1652441965,0.051688,21.22,1.042125,22.54,0.048969,20.07,1.016375,23.35,21.65,100.04,100.00,1.557617,31.42,1.450195,149.61,0.00,0.00,0,0,0,0.00,0,0,0
1652441975,0.051688,21.22,1.042375,22.53,0.048969,20.07,1.016375,23.35,21.65,100.05,100.00,2.539062,51.15,2.363281,237.89,0.00,0.00,0,0,0,0.00,0,0,0
1652441985,0.051672,21.21,1.042250,22.54,0.048969,20.07,1.016500,23.35,21.66,100.05,100.00,1.684570,33.97,1.547852,159.05,0.00,0.00,0,0,0,0.00,0,0,0
1652441995,0.051688,21.22,1.042125,22.54,0.048969,20.07,1.016500,23.35,21.65,100.05,100.00,2.573242,51.84,2.397461,241.19,0.00,0.00,0,0,0,0.00,0,0,0
1652442005,0.051688,21.22,1.042125,22.54,0.048969,20.07,1.016625,23.35,21.65,100.05,100.00,1.562500,31.52,1.450195,149.61,0.00,0.00,0,0,0,0.00,0,0,0
1652442015,0.051688,21.22,1.042000,22.55,0.048969,20.07,1.016500,23.35,21.65,100.05,100.00,2.587891,52.13,2.392578,240.72,0.00,0.00,0,0,0,0.00,0,0,0
1652442025,0.051688,21.22,1.042250,22.54,0.048984,20.07,1.016750,23.34,21.65,100.05,100.00,1.572266,31.72,1.459961,150.56,0.00,0.00,0,0,0,0.00,0,0,0
1652442035,0.051688,21.22,1.042250,22.54,0.048969,20.07,1.016500,23.35,21.64,100.05,100.00,2.543945,51.25,2.348633,236.47,0.00,0.00,0,0,0,0.00,0,0,0
1652442045,0.051688,21.22,1.042250,22.54,0.048984,20.08,1.016375,23.35,21.65,100.04,100.00,1.762695,35.55,1.679687,171.80,0.00,0.00,0,0,0,0.00,0,0,0
1652442055,0.051688,21.22,1.042250,22.54,0.048984,20.07,1.016750,23.34,21.65,100.05,100.00,1.762695,35.55,1.625977,166.61,0.00,0.00,0,0,0,0.00,0,0,0
1652442065,0.051688,21.22,1.042000,22.55,0.048969,20.07,1.016500,23.35,21.65,100.04,100.00,2.534180,51.05,2.353516,236.95,0.00,0.00,0,0,0,0.00,0,0,0
1652442075,0.051688,21.22,1.042125,22.54,0.048969,20.07,1.016750,23.34,21.64,100.05,100.00,1.552734,31.32,1.445312,149.14,0.00,0.00,0,0,0,0.00,0,0,0
1652442085,0.051688,21.22,1.042125,22.54,0.048984,20.08,1.016750,23.34,21.64,100.04,100.00,2.607422,52.53,2.416992,243.08,0.00,0.00,0,0,0,0.00,0,0,0
1652442095,0.051625,21.19,1.042375,22.53,0.048969,20.07,1.016625,23.35,21.64,100.05,100.00,1.582031,31.91,1.474609,151.97,0.00,0.00,0,0,0,0.00,0,0,0
1652442105,0.051672,21.21,1.042250,22.54,0.048969,20.07,1.016750,23.34,21.64,100.05,100.00,2.568359,51.74,2.377930,239.31,0.00,0.00,0,0,0,0.00,0,0,0
1652442115,0.051672,21.21,1.042250,22.54,0.048969,20.07,1.016500,23.35,21.64,100.05,100.00,1.567383,31.62,1.464844,151.03,0.00,0.00,0,0,0,0.00,0,0,0
1652442125,0.051688,21.22,1.042250,22.54,0.048969,20.07,1.016500,23.35,21.64,100.05,100.00,2.607422,52.53,2.416992,243.08,0.00,0.00,0,0,0,0.00,0,0,0
1652442135,0.051672,21.21,1.042500,22.53,0.048953,20.06,1.016750,23.34,21.65,100.05,100.00,1.840820,37.12,1.752930,178.88,0.00,0.00,0,0,0,0.00,0,0,0
1652442145,0.051656,21.21,1.042125,22.54,0.048969,20.07,1.016500,23.35,21.64,100.05,100.00,2.343750,47.23,2.128906,215.23,0.00,0.00,0,0,0,0.00,0,0,0
1652442155,0.051688,21.22,1.042500,22.53,0.048969,20.07,1.016625,23.35,21.64,100.04,100.00,2.255859,45.46,2.124023,214.76,0.00,0.00,0,0,0,0.00,0,0,0
1652442165,0.051672,21.21,1.042500,22.53,0.048969,20.07,1.016875,23.34,21.64,100.04,100.00,1.694336,34.17,1.552734,159.53,0.00,0.00,0,0,0,0.00,0,0,0
1652442175,0.051672,21.21,1.042875,22.52,0.048969,20.07,1.017125,23.33,21.63,100.04,100.00,1.787109,36.04,1.689453,172.74,0.00,0.00,0,0,0,0.00,0,0,0
1652442185,0.051656,21.21,1.042875,22.52,0.048953,20.06,1.016750,23.34,21.63,100.04,100.00,2.348633,47.32,2.133789,215.70,0.00,0.00,0,0,0,0.00,0,0,0
1652442195,0.051672,21.21,1.043250,22.51,0.048953,20.06,1.017125,23.33,21.64,100.05,100.00,1.767578,35.64,1.669922,170.86,0.00,0.00,0,0,0,0.00,0,0,0
1652442205,0.051672,21.21,1.043125,22.51,0.048969,20.07,1.017125,23.33,21.63,100.05,100.00,2.519531,50.76,2.333984,235.06,0.00,0.00,0,0,0,0.00,0,0,0
1652442215,0.051672,21.21,1.043125,22.51,0.048969,20.07,1.017250,23.33,21.63,100.05,100.00,1.596680,32.21,1.479492,152.45,0.00,0.00,0,0,0,0.00,0,0,0
1652442225,0.051672,21.21,1.043000,22.52,0.048969,20.07,1.017250,23.33,21.64,100.05,100.00,2.534180,51.05,2.363281,237.89,0.00,0.00,0,0,0,0.00,0,0,0
1652442235,0.051641,21.20,1.042875,22.52,0.048969,20.07,1.017000,23.33,21.63,100.05,100.00,2.231445,44.97,2.031250,205.79,0.00,0.00,0,0,0,0.00,0,0,0
1652442245,0.051672,21.21,1.042875,22.52,0.048969,20.07,1.017250,23.33,21.63,100.04,100.00,1.621094,32.70,1.503906,154.81,0.00,0.00,0,0,0,0.00,0,0,0
1652442255,0.051672,21.21,1.043000,22.52,0.048953,20.06,1.017625,23.31,21.63,100.04,100.00,2.568359,51.74,2.373047,238.83,0.00,0.00,0,0,0,0.00,0,0,0
1652442265,0.051672,21.21,1.043125,22.51,0.048953,20.06,1.017750,23.31,21.63,100.04,100.00,1.601562,32.31,1.489258,153.39,0.00,0.00,0,0,0,0.00,0,0,0
1652442275,0.051656,21.21,1.043000,22.52,0.048969,20.07,1.017750,23.31,21.62,100.03,100.00,2.583008,52.04,2.387695,240.25,0.00,0.00,0,0,0,0.00,0,0,0
1652442285,0.051656,21.21,1.042875,22.52,0.048969,20.07,1.017625,23.31,21.63,100.04,100.00,1.562500,31.52,1.455078,150.09,0.00,0.00,0,0,0,0.00,0,0,0
1652442295,0.051656,21.21,1.043250,22.51,0.048953,20.06,1.017750,23.31,21.63,100.04,100.00,2.055664,41.43,1.953125,198.24,0.00,0.00,0,0,0,0.00,0,0,0
1652442305,0.051672,21.21,1.043375,22.50,0.048953,20.06,1.017625,23.31,21.63,100.04,100.00,2.607422,52.53,2.426758,244.03,0.00,0.00,0,0,0,0.00,0,0,0
1652442315,0.051656,21.21,1.043375,22.50,0.048969,20.07,1.017375,23.32,21.62,100.05,100.00,2.382812,48.01,2.167969,219.01,0.00,0.00,0,0,0,0.00,0,0,0
1652442325,0.051656,21.21,1.043375,22.50,0.048969,20.07,1.017500,23.32,21.62,100.05,100.00,1.577148,31.82,1.445312,149.14,0.00,0.00,0,0,0,0.00,0,0,0
1652442335,0.051656,21.21,1.043500,22.50,0.048969,20.07,1.017375,23.32,21.62,100.05,100.00,1.665039,33.58,1.538086,158.11,0.00,0.00,0,0,0,0.00,0,0,0
1652442345,0.051656,21.21,1.043375,22.50,0.048953,20.06,1.017500,23.32,21.62,100.05,100.00,2.602539,52.43,2.407227,242.14,0.00,0.00,0,0,0,0.00,0,0,0
1652442355,0.051656,21.21,1.043250,22.51,0.048953,20.06,1.017250,23.33,21.62,100.04,100.00,1.547852,31.23,1.445312,149.14,0.00,0.00,0,0,0,0.00,0,0,0
1652442365,0.051672,21.21,1.043500,22.50,0.048969,20.07,1.017625,23.31,21.61,100.04,100.00,2.353516,47.42,2.207031,222.78,0.00,0.00,0,0,0,0.00,0,0,0
1652442375,0.051656,21.21,1.043375,22.50,0.048969,20.07,1.017750,23.31,21.61,100.03,100.00,2.583008,52.04,2.387695,240.25,0.00,0.00,0,0,0,0.00,0,0,0
1652442385,0.051656,21.21,1.043250,22.51,0.048969,20.07,1.017500,23.32,21.61,100.03,100.00,1.801758,36.33,1.640625,168.02,0.00,0.00,0,0,0,0.00,0,0,0
1652442395,0.051656,21.21,1.043500,22.50,0.048969,20.07,1.017375,23.32,21.61,100.03,100.00,1.616211,32.60,1.503906,154.81,0.00,0.00,0,0,0,0.00,0,0,0
1652442405,0.051656,21.21,1.043250,22.51,0.048953,20.06,1.017375,23.32,21.61,100.03,100.00,2.583008,52.04,2.387695,240.25,0.00,0.00,0,0,0,0.00,0,0,0
1652442415,0.051609,21.19,1.043500,22.50,0.048938,20.06,1.017500,23.32,21.61,100.04,100.00,1.552734,31.32,1.440430,148.67,0.00,0.00,0,0,0,0.00,0,0,0
1652442425,0.051656,21.21,1.043625,22.50,0.048938,20.06,1.017500,23.32,21.61,100.04,100.00,1.787109,36.04,1.694336,173.22,0.00,0.00,0,0,0,0.00,0,0,0
1652442435,0.051672,21.21,1.043500,22.50,0.048969,20.07,1.017375,23.32,21.61,100.04,100.00,2.583008,52.04,2.402344,241.67,0.00,0.00,0,0,0,0.00,0,0,0
1652442445,0.051672,21.21,1.043500,22.50,0.048953,20.06,1.017375,23.32,21.61,100.04,100.00,2.617187,52.72,2.426758,244.03,0.00,0.00,0,0,0,0.00,0,0,0
1652442455,0.051656,21.21,1.043500,22.50,0.048969,20.07,1.017625,23.31,21.61,100.04,100.00,2.275391,45.85,2.065430,209.09,0.00,0.00,0,0,0,0.00,0,0,0
1652442465,0.051641,21.20,1.043875,22.49,0.048969,20.07,1.017625,23.31,21.60,100.04,100.00,1.557617,31.42,1.450195,149.61,0.00,0.00,0,0,0,0.00,0,0,0
1652442475,0.051656,21.21,1.044000,22.48,0.048969,20.07,1.017500,23.32,21.60,100.04,100.00,2.197266,44.28,2.060547,208.62,0.00,0.00,0,0,0,0.00,0,0,0
1652442485,0.051625,21.20,1.043750,22.49,0.048984,20.08,1.017375,23.32,21.60,100.03,100.00,2.583008,52.04,2.392578,240.72,0.00,0.00,0,0,0,0.00,0,0,0
1652442495,0.051656,21.21,1.043500,22.50,0.048906,20.05,1.017375,23.32,21.60,100.03,100.00,1.997070,40.26,1.821289,185.49,0.00,0.00,0,0,0,0.00,0,0,0
1652442505,0.051656,21.21,1.043625,22.50,0.048969,20.07,1.017500,23.32,21.60,100.03,100.00,1.572266,31.72,1.459961,150.56,0.00,0.00,0,0,0,0.00,0,0,0
1652442515,0.051656,21.21,1.043875,22.49,0.048953,20.06,1.017375,23.32,21.60,100.04,100.00,1.943359,39.18,1.840820,187.38,0.00,0.00,0,0,0,0.00,0,0,0
1652442525,0.051641,21.20,1.043750,22.49,0.048938,20.06,1.017500,23.32,21.60,100.03,100.00,2.416992,48.70,2.265625,228.45,0.00,0.00,0,0,0,0.00,0,0,0
1652442535,0.051656,21.21,1.043875,22.49,0.048969,20.07,1.017375,23.32,21.60,100.04,100.00,2.578125,51.94,2.382812,239.78,0.00,0.00,0,0,0,0.00,0,0,0
1652442545,0.051656,21.21,1.044000,22.48,0.048938,20.06,1.017625,23.31,21.60,100.04,100.00,1.542969,31.13,1.420898,146.78,0.00,0.00,0,0,0,0.00,0,0,0
1652442555,0.051656,21.21,1.044000,22.48,0.048969,20.07,1.017625,23.31,21.60,100.04,100.00,2.495117,50.27,2.324219,234.11,0.00,0.00,0,0,0,0.00,0,0,0
1652442565,0.051656,21.21,1.043750,22.49,0.048953,20.06,1.017500,23.32,21.59,100.04,100.00,2.563477,51.64,2.373047,238.83,0.00,0.00,0,0,0,0.00,0,0,0
1652442575,0.051672,21.21,1.043750,22.49,0.048969,20.07,1.017500,23.32,21.60,100.04,100.00,2.470703,49.78,2.260742,227.98,0.00,0.00,0,0,0,0.00,0,0,0
1652442585,0.051656,21.21,1.044000,22.48,0.048938,20.06,1.017750,23.31,21.60,100.04,100.00,1.562500,31.52,1.435547,148.20,0.00,0.00,0,0,0,0.00,0,0,0
1652442595,0.051656,21.21,1.044000,22.48,0.048969,20.07,1.017750,23.31,21.59,100.03,100.00,1.562500,31.52,1.445312,149.14,0.00,0.00,0,0,0,0.00,0,0,0
1652442605,0.051656,21.21,1.044000,22.48,0.048969,20.07,1.018000,23.30,21.59,100.03,100.00,1.674805,33.78,1.538086,158.11,0.00,0.00,0,0,0,0.00,0,0,0
1652442615,0.051625,21.20,1.043875,22.49,0.048953,20.07,1.017875,23.31,21.59,100.03,100.00,2.563477,51.64,2.397461,241.19,0.00,0.00,0,0,0,0.00,0,0,0
1652442625,0.051656,21.21,1.043875,22.49,0.048969,20.07,1.018125,23.30,21.59,100.03,100.00,2.578125,51.94,2.387695,240.25,0.00,0.00,0,0,0,0.00,0,0,0
1652442635,0.051656,21.21,1.044250,22.48,0.048953,20.07,1.018500,23.29,21.59,100.03,100.00,1.538086,31.03,1.430664,147.73,0.00,0.00,0,0,0,0.00,0,0,0
1652442645,0.051656,21.21,1.044000,22.48,0.048953,20.06,1.018500,23.29,21.59,100.03,100.00,1.665039,33.58,1.542969,158.58,0.00,0.00,0,0,0,0.00,0,0,0
1652442655,0.051656,21.21,1.043750,22.49,0.048969,20.07,1.018250,23.29,21.58,100.04,100.00,2.626953,52.92,2.416992,243.08,0.00,0.00,0,0,0,0.00,0,0,0
1652442665,0.051672,21.21,1.044000,22.48,0.048969,20.07,1.018500,23.29,21.59,100.05,100.00,2.031250,40.94,1.855469,188.79,0.00,0.00,0,0,0,0.00,0,0,0
1652442675,0.051656,21.21,1.044250,22.48,0.048953,20.06,1.018625,23.28,21.58,100.04,100.00,1.660156,33.48,1.542969,158.58,0.00,0.00,0,0,0,0.00,0,0,0
1652442685,0.051656,21.21,1.044000,22.48,0.048969,20.07,1.018500,23.29,21.58,100.04,100.00,2.514648,50.66,2.324219,234.11,0.00,0.00,0,0,0,0.00,0,0,0
1652442695,0.051656,21.21,1.044250,22.48,0.048969,20.07,1.018625,23.28,21.58,100.03,100.00,1.567383,31.62,1.455078,150.09,0.00,0.00,0,0,0,0.00,0,0,0
1652442705,0.051672,21.22,1.044125,22.48,0.048969,20.07,1.018500,23.29,21.58,100.03,100.00,2.587891,52.13,2.392578,240.72,0.00,0.00,0,0,0,0.00,0,0,0
1652442715,0.051672,21.22,1.044250,22.48,0.048938,20.06,1.018750,23.28,21.58,100.02,100.00,2.158203,43.50,1.948242,197.76,0.00,0.00,0,0,0,0.00,0,0,0
1652442725,0.051672,21.22,1.044250,22.48,0.048969,20.07,1.018625,23.28,21.58,100.02,100.00,1.557617,31.42,1.445312,149.14,0.00,0.00,0,0,0,0.00,0,0,0
1652442735,0.051641,21.20,1.044000,22.48,0.048938,20.06,1.018500,23.29,21.58,100.03,100.00,2.231445,44.97,2.099609,212.40,0.00,0.00,0,0,0,0.00,0,0,0
1652442745,0.051672,21.22,1.044500,22.47,0.048938,20.06,1.018625,23.28,21.58,100.03,100.00,2.485352,50.07,2.285156,230.34,0.00,0.00,0,0,0,0.00,0,0,0
1652442755,0.051672,21.22,1.044625,22.46,0.048969,20.07,1.018750,23.28,21.57,100.03,100.00,1.669922,33.68,1.552734,159.53,0.00,0.00,0,0,0,0.00,0,0,0
1652442765,0.051672,21.21,1.044500,22.47,0.048938,20.06,1.018875,23.27,21.57,100.04,100.00,2.583008,52.04,2.382812,239.78,0.00,0.00,0,0,0,0.00,0,0,0
1652442775,0.051672,21.21,1.044375,22.47,0.048938,20.06,1.018625,23.28,21.57,100.04,100.00,1.630859,32.89,1.499023,154.33,0.00,0.00,0,0,0,0.00,0,0,0
1652442785,0.051672,21.21,1.044750,22.46,0.048938,20.06,1.018750,23.28,21.57,100.04,100.00,1.630859,32.89,1.523437,156.69,0.00,0.00,0,0,0,0.00,0,0,0
1652442795,0.051688,21.22,1.044750,22.46,0.048953,20.06,1.018750,23.28,21.57,100.04,100.00,2.255859,45.46,2.124023,214.76,0.00,0.00,0,0,0,0.00,0,0,0
1652442805,0.051672,21.21,1.044750,22.46,0.048953,20.06,1.018750,23.28,21.57,100.03,100.00,2.543945,51.25,2.343750,236.00,0.00,0.00,0,0,0,0.00,0,0,0
1652442815,0.051672,21.22,1.044625,22.46,0.048938,20.06,1.018875,23.27,21.57,100.03,100.00,1.567383,31.62,1.459961,150.56,0.00,0.00,0,0,0,0.00,0,0,0
1652442825,0.051688,21.22,1.044750,22.46,0.048969,20.07,1.019000,23.27,21.57,100.02,100.00,2.612305,52.63,2.426758,244.03,0.00,0.00,0,0,0,0.00,0,0,0
1652442835,0.051672,21.22,1.044875,22.46,0.048938,20.06,1.019375,23.26,21.57,100.02,100.00,1.914062,38.59,1.748047,178.41,0.00,0.00,0,0,0,0.00,0,0,0
1652442845,0.051672,21.22,1.045000,22.45,0.048953,20.07,1.019250,23.26,21.57,100.02,100.00,1.572266,31.72,1.459961,150.56,0.00,0.00,0,0,0,0.00,0,0,0
1652442855,0.051672,21.22,1.045250,22.45,0.048938,20.06,1.019375,23.26,21.57,100.03,100.00,2.172852,43.79,2.031250,205.79,0.00,0.00,0,0,0,0.00,0,0,0
1652442865,0.051656,21.21,1.045125,22.45,0.048953,20.07,1.019375,23.26,21.57,100.03,100.00,2.612305,52.63,2.412109,242.61,0.00,0.00,0,0,0,0.00,0,0,0
1652442875,0.051672,21.21,1.045125,22.45,0.048953,20.06,1.019500,23.25,21.56,100.03,100.00,2.016602,40.65,1.855469,188.79,0.00,0.00,0,0,0,0.00,0,0,0
1652442885,0.051672,21.21,1.045000,22.45,0.048969,20.07,1.019250,23.26,21.56,100.04,100.00,1.665039,33.58,1.547852,159.05,0.00,0.00,0,0,0,0.00,0,0,0
1652442895,0.051688,21.22,1.045125,22.45,0.048938,20.06,1.019375,23.26,21.56,100.04,100.00,2.612305,52.63,2.431641,244.50,0.00,0.00,0,0,0,0.00,0,0,0
1652442905,0.051688,21.22,1.045125,22.45,0.048953,20.06,1.019500,23.25,21.56,100.03,100.00,2.382812,48.01,2.167969,219.01,0.00,0.00,0,0,0,0.00,0,0,0
